generation,path_length_rings,euclid_distance,effective_rings,global_x,global_y,heading_running,heading_windowed,local_clock,elapsed_s,hop_ms,patch_ms
60,28,104.5527,29.6082,-5.1071,-103.4900,-94.4865,NaN,2.1429,0.065,65.40,56.83
82,40,150.1339,42.5164,3.8929,-149.3894,-89.6865,-78.9061,1.8333,0.124,58.34,57.25
101,52,188.7354,53.4479,24.6786,-186.7522,-83.4261,-70.3161,1.5833,0.185,61.66,60.71
121,64,231.9354,65.6817,35.3214,-228.9400,-82.0073,-72.1375,1.6667,0.251,65.15,64.15
144,76,277.0718,78.4639,47.9286,-272.6743,-80.6830,-72.5949,1.9167,0.319,67.95,66.86
163,88,285.6952,80.9059,89.3214,-271.6227,-72.4285,-60.6801,1.5833,0.388,69.50,68.50
184,100,319.6548,90.5229,132.0714,-291.7268,-66.1991,-53.9171,1.7500,0.460,71.61,70.54
205,112,342.0099,96.8536,176.3214,-294.1393,-59.5647,-46.4196,1.7500,0.532,72.38,71.31
226,124,381.9320,108.1592,219.0714,-314.2435,-55.5598,-43.2320,1.7500,0.604,71.61,70.56
247,136,410.4531,116.2361,263.3214,-316.6560,-50.6500,-38.4540,1.7500,0.674,70.50,69.46
268,148,453.5603,128.4436,306.0714,-336.7602,-48.0834,-36.8565,1.7500,0.745,70.70,69.67
289,160,485.9267,137.6094,350.3214,-339.1727,-44.3884,-33.5481,1.7500,0.814,69.08,68.04
310,172,530.7672,150.3077,393.0714,-359.2768,-42.7109,-32.7164,1.7500,0.883,69.42,68.37
330,184,569.0594,161.1517,435.0714,-369.6691,-40.6109,-31.1617,1.6667,0.952,69.09,68.10
352,196,611.4431,173.1543,480.0714,-381.7935,-38.7283,-29.8390,1.8333,1.021,68.41,67.35
373,208,647.9867,183.5031,524.3214,-384.2060,-36.4462,-27.9336,1.7500,1.088,67.60,66.60
394,220,694.3799,196.6412,567.0714,-404.3101,-35.6851,-27.7329,1.7500,1.157,68.27,67.28
415,232,732.1173,207.3280,611.3214,-406.7226,-33.8180,-26.1934,1.7500,1.224,67.56,66.56
436,244,777.9222,220.2995,653.9286,-425.3422,-33.2108,-26.0294,1.7500,1.292,67.57,66.58
457,256,817.4697,231.4989,698.3214,-429.2393,-31.7350,-24.8483,1.7500,1.361,69.00,67.99
478,268,863.5254,244.5414,740.9286,-447.8589,-31.2987,-22.0459,1.7500,1.429,67.87,66.83
499,280,903.6978,255.9178,785.3214,-451.7560,-30.0476,-19.2081,1.7500,1.497,68.08,67.05
518,292,947.0015,268.1810,824.3214,-470.8085,-29.8639,-17.0430,1.5833,1.565,68.28,67.34
540,304,992.4580,281.0538,870.0714,-482.2524,-29.1216,-14.3011,1.8333,1.634,69.34,68.24
561,316,1032.4712,292.3851,914.3214,-484.6649,-28.0435,-14.4793,1.7500,1.702,67.64,66.63
580,328,1075.8507,304.6697,953.3214,-503.7175,-27.9625,-14.4739,1.5833,1.770,67.97,67.05
600,340,1117.8697,316.5691,995.3214,-514.1098,-27.4236,-15.0339,1.6667,1.838,67.83,66.84
622,352,1163.4396,329.4740,1040.3214,-526.2342,-26.9329,-14.4739,1.8333,1.906,68.06,67.01
644,364,1209.0884,342.4013,1085.3214,-538.3585,-26.4793,-15.0941,1.8333,1.975,68.81,67.74
666,376,1255.1827,355.4547,1131.0714,-549.8024,-26.0157,-14.4793,1.8333,2.043,68.09,67.04
687,388,1296.1218,367.0482,1175.3214,-552.2149,-25.2535,-14.4793,1.7500,2.111,67.87,66.85
708,400,1343.3631,380.4265,1218.0714,-572.3191,-25.2512,-14.4793,1.7500,2.181,70.73,69.70
729,412,1384.5146,392.0801,1262.3214,-574.7316,-24.5603,-13.9221,1.7500,2.252,70.45,69.41
750,424,1431.7532,405.4576,1305.0714,-594.8357,-24.5809,-14.4793,1.7500,2.325,73.07,72.02
771,436,1473.0858,417.1626,1349.3214,-597.2482,-23.9503,-14.4793,1.7500,2.400,75.31,74.23
791,448,1518.9114,430.1399,1392.0714,-613.8883,-23.8693,-14.2536,1.6667,2.478,77.80,76.66
813,460,1561.8050,442.2869,1436.3214,-619.7649,-23.4096,-14.4793,1.8333,2.556,78.37,77.20
834,472,1608.3026,455.4546,1478.9286,-638.3844,-23.4152,-14.4793,1.7500,2.634,77.31,76.21
855,484,1650.6483,467.4464,1523.3214,-642.2816,-22.9270,-14.4793,1.7500,2.711,77.69,76.62
874,496,1693.9911,479.7207,1562.3214,-661.3341,-23.0067,-14.5685,1.5833,2.790,78.25,77.24
894,508,1736.1450,491.6582,1604.1071,-670.7367,-22.7533,-14.9731,1.6667,2.868,78.71,77.66
916,520,1782.9208,504.9046,1649.3214,-683.8508,-22.5800,-14.4793,1.8333,2.947,78.52,77.39
938,532,1829.5714,518.1156,1695.0714,-695.2947,-22.3608,-14.4793,1.8333,3.026,78.68,77.54
959,544,1871.4689,529.9805,1739.3214,-697.7072,-21.9137,-14.4793,1.7500,3.103,77.47,76.38
980,556,1918.6350,543.3375,1782.0714,-717.8113,-21.9942,-14.4847,1.7500,3.182,78.53,77.45
1001,568,1960.6205,555.2273,1826.3214,-720.2238,-21.5753,-13.9300,1.7500,3.260,78.05,76.97
1022,580,2007.7702,568.5796,1869.0714,-740.3280,-21.6602,-14.4847,1.7500,3.339,79.43,78.31
1043,592,2049.8346,580.4918,1913.3214,-742.7405,-21.2663,-13.8656,1.7500,3.419,79.52,78.37
1064,604,2096.9678,593.8395,1956.0714,-762.8447,-21.3546,-14.4793,1.7500,3.499,80.92,79.83
1084,616,2139.8759,605.9906,1998.0714,-773.2370,-21.2042,-15.0368,1.6667,3.581,81.48,80.42
1106,628,2186.2202,619.1148,2043.0714,-785.3613,-21.0739,-14.4793,1.8333,3.662,81.14,79.94
1127,640,2228.4200,631.0654,2087.3214,-787.7738,-20.7227,-14.4793,1.7500,3.743,80.78,79.69
1148,652,2275.5210,644.4039,2130.0714,-807.8780,-20.8153,-14.4793,1.7500,3.825,81.77,80.68
1169,664,2317.7793,656.3710,2174.3214,-810.2905,-20.4823,-14.4793,1.7500,3.905,80.65,79.55
1190,676,2364.2095,669.5195,2216.9286,-828.9100,-20.5437,-14.6106,1.7500,3.986,80.77,79.67
1211,688,2407.1763,681.6873,2261.3214,-832.8071,-20.2598,-14.4793,1.7500,4.067,80.60,79.50
1232,700,2453.5965,694.8330,2303.9286,-851.4267,-20.3231,-14.4793,1.7500,4.147,80.11,78.99
1253,712,2496.6070,707.0132,2348.3214,-855.3238,-20.0532,-14.4793,1.7500,4.227,80.65,79.58
1272,724,2539.7797,719.2392,2387.3214,-874.3764,-20.1552,-14.4793,1.5833,4.309,81.60,80.56
1294,736,2586.6761,732.5198,2433.0714,-885.8203,-20.0440,-14.5453,1.8333,4.390,81.09,79.96
1315,748,2629.1044,744.5350,2477.3214,-888.2328,-19.7629,-13.8656,1.7500,4.470,79.71,78.62
1334,760,2672.2537,756.7545,2516.3214,-907.2853,-19.8646,-14.4739,1.5833,4.551,81.60,80.56
1354,772,2715.2896,768.9418,2558.3214,-917.6776,-19.7697,-15.0339,1.6667,4.632,80.86,79.78
1376,784,2761.7409,782.0963,2603.3214,-929.8020,-19.6906,-14.4739,1.8333,4.713,81.16,80.02
1398,796,2808.1972,795.2523,2648.3214,-941.9263,-19.6142,-15.0941,1.8333,4.795,81.83,80.68
1420,808,2855.1378,808.5453,2694.0714,-953.3703,-19.5223,-14.4793,1.8333,4.877,81.26,80.13
1441,820,2897.6771,820.5920,2738.3214,-955.7828,-19.2749,-14.4793,1.7500,4.957,80.94,79.83
1462,832,2944.6712,833.9003,2781.0714,-975.8869,-19.3696,-14.4793,1.7500,5.039,81.77,80.60
1483,844,2987.2425,845.9560,2825.3214,-978.2994,-19.1317,-13.9221,1.7500,5.120,80.35,79.24
1504,856,3034.2244,859.2608,2868.0714,-998.4036,-19.2258,-14.4793,1.7500,5.199,79.80,78.71
1525,868,3076.8254,871.3250,2912.3214,-1000.8161,-18.9969,-14.4793,1.7500,5.279,79.19,78.08
1545,880,3122.6643,884.3060,2955.0714,-1017.4561,-19.0302,-14.2536,1.6667,5.357,78.25,77.20
1567,892,3166.4244,896.6985,2999.3214,-1023.3327,-18.8697,-14.4793,1.8333,5.436,78.67,77.55
1588,904,3212.7659,909.8219,3041.9286,-1041.9523,-18.9382,-14.4793,1.7500,5.513,77.45,76.38
1609,916,3256.0382,922.0762,3086.3214,-1045.8494,-18.7495,-14.4793,1.7500,5.591,77.62,76.56
1628,928,3299.0973,934.2700,3125.3214,-1064.9020,-18.8451,-14.5685,1.5833,5.669,78.23,77.24
1648,940,3341.6834,946.3300,3167.1071,-1074.3045,-18.7663,-14.9731,1.6667,5.749,80.30,79.23
1670,952,3388.7136,959.6485,3212.3214,-1087.4186,-18.7303,-14.4793,1.8333,5.828,78.61,77.46
1692,964,3435.7177,972.9595,3258.0714,-1098.8625,-18.6660,-14.4793,1.8333,5.906,78.39,77.28
1713,976,3478.4325,985.0559,3302.3214,-1101.2750,-18.4704,-14.4793,1.7500,5.984,78.08,76.97
1734,988,3525.3540,998.3436,3345.0714,-1121.3792,-18.5602,-14.4847,1.7500,6.063,78.60,77.53
1755,1000,3568.0899,1010.4460,3389.3214,-1123.7917,-18.3707,-13.9300,1.7500,6.141,77.78,76.69
1776,1012,3615.0017,1023.7309,3432.0714,-1143.8958,-18.4596,-14.4847,1.7500,6.219,78.50,77.43
1797,1024,3657.7576,1035.8389,3476.3214,-1146.3083,-18.2760,-13.8656,1.7500,6.296,77.42,76.34
1818,1036,3704.6601,1049.1212,3519.0714,-1166.4125,-18.3639,-14.4793,1.7500,6.376,79.75,78.65
1838,1048,3747.7968,1061.3371,3561.0714,-1176.8048,-18.3124,-15.0368,1.6667,6.456,79.44,78.36
1860,1060,3794.3283,1074.5143,3606.0714,-1188.9292,-18.2727,-14.4793,1.8333,6.534,78.30,77.14
1881,1072,3837.1209,1086.6327,3650.3214,-1191.3417,-18.0997,-14.4793,1.7500,6.612,77.90,76.81
1902,1084,3884.0057,1099.9100,3693.0714,-1211.4458,-18.1857,-14.4793,1.7500,6.691,78.68,77.57
1923,1096,3926.8152,1112.0332,3737.3214,-1213.8583,-18.0176,-14.4793,1.7500,6.769,78.18,77.10
1944,1108,3973.0947,1125.1391,3779.9286,-1232.4779,-18.0829,-14.6106,1.7500,6.847,78.46,77.33
1965,1120,4016.5172,1137.4359,3824.3214,-1236.3750,-17.9392,-14.4793,1.7500,6.927,79.62,78.52
1986,1132,4062.7905,1150.5400,3866.9286,-1254.9945,-18.0039,-14.4793,1.7500,7.007,79.85,78.74
2007,1144,4106.2265,1162.8406,3911.3214,-1258.8916,-17.8642,-14.4793,1.7500,7.087,80.75,79.63
2026,1156,4149.1953,1175.0090,3950.3214,-1277.9442,-17.9494,-14.4793,1.5833,7.171,83.13,82.07
2048,1168,4196.2466,1188.3334,3996.0714,-1289.3881,-17.9055,-14.5453,1.8333,7.252,81.84,80.68
2069,1180,4239.1101,1200.4719,4040.3214,-1291.8006,-17.7527,-13.8656,1.7500,7.333,80.31,79.20
2088,1192,4282.0669,1212.6368,4079.3214,-1310.8532,-17.8364,-14.4739,1.5833,7.414,81.57,80.53
2108,1204,4325.2323,1224.8608,4121.3214,-1321.2455,-17.7970,-15.0339,1.6667,7.496,81.60,80.45
2130,1216,4371.7852,1238.0441,4166.3214,-1333.3698,-17.7680,-14.4739,1.8333,7.577,81.53,80.40
2152,1228,4418.3391,1251.2277,4211.3214,-1345.4942,-17.7397,-15.0941,1.8333,7.659,81.69,80.54
2174,1240,4465.4017,1264.5553,4257.0714,-1356.9381,-17.7007,-14.4793,1.8333,7.740,81.22,80.09
2195,1252,4508.3041,1276.7048,4301.3214,-1359.3506,-17.5589,-14.4793,1.7500,7.821,80.65,79.52
2216,1264,4555.1317,1289.9659,4344.0714,-1379.4548,-17.6378,-14.4793,1.7500,7.902,81.26,80.17
2237,1276,4598.0460,1302.1188,4388.3214,-1381.8672,-17.4994,-13.9221,1.7500,7.984,81.41,80.27
2258,1288,4644.8670,1315.3780,4431.0714,-1401.9714,-17.5773,-14.4793,1.7500,8.065,81.23,80.15
2279,1300,4687.7926,1327.5341,4475.3214,-1404.3839,-17.4421,-14.4793,1.7500,8.146,80.89,79.80
2299,1312,4733.5657,1340.4966,4518.0714,-1421.0240,-17.4791,-14.2536,1.6667,8.226,80.50,79.46
2321,1324,4777.5438,1352.9507,4562.3214,-1426.9006,-17.3870,-14.4793,1.8333,8.307,81.11,79.98
2342,1336,4823.7707,1366.0417,4604.9286,-1445.5201,-17.4468,-14.4793,1.7500,8.388,80.84,79.69
2363,1348,4867.2992,1378.3685,4649.3214,-1449.4172,-17.3339,-14.4793,1.7500,8.469,80.88,79.79
2384,1360,4913.5215,1391.4582,4691.9286,-1468.0368,-17.3931,-14.4793,1.7500,8.550,80.69,79.58
2405,1372,4957.0587,1403.7875,4736.3214,-1471.9339,-17.2827,-14.4793,1.7500,8.630,80.62,79.54
2426,1384,5003.2764,1416.8758,4778.9286,-1490.5534,-17.3413,-14.3909,1.7500,8.711,80.37,79.30
2447,1396,5046.8219,1429.2075,4823.3214,-1494.4506,-17.2334,-13.9221,1.7500,8.791,79.92,78.84
2468,1408,5093.0352,1442.2946,4865.9286,-1513.0701,-17.2914,-15.0032,1.7500,8.871,80.48,79.40
2488,1420,5136.8038,1454.6894,4908.0714,-1524.9470,-17.2782,-14.4847,1.6667,8.952,81.33,80.21
2509,1432,5179.7848,1466.8612,4952.3214,-1527.3595,-17.1583,-13.9300,1.7500,9.035,82.18,81.02
2530,1444,5226.5673,1480.1095,4995.0714,-1547.4637,-17.2306,-14.4847,1.7500,9.116,81.55,80.46
2550,1456,5269.7613,1492.3416,5037.0714,-1557.8560,-17.2033,-14.4225,1.6667,9.198,81.42,80.31
2571,1468,5315.3119,1505.2411,5082.0714,-1566.5162,-17.1490,-14.2536,1.7500,9.277,79.77,78.68
2592,1480,5359.5303,1517.7633,5124.0714,-1580.3726,-17.1581,-15.0368,1.7500,9.359,81.71,80.62
2614,1492,5406.1047,1530.9526,5169.0714,-1592.4970,-17.1402,-14.4793,1.8333,9.440,81.24,80.07
2635,1504,5449.1109,1543.1316,5213.3214,-1594.9095,-17.0273,-14.4793,1.7500,9.523,82.62,81.51
2656,1516,5495.8781,1556.3755,5256.0714,-1615.0137,-17.0972,-14.4793,1.7500,9.605,81.69,80.59
2677,1528,5538.8922,1568.5567,5300.3214,-1617.4262,-16.9865,-14.4793,1.7500,9.685,80.63,79.53
2698,1540,5585.0827,1581.6374,5342.9286,-1636.0457,-17.0415,-14.6106,1.7500,9.765,80.16,79.09
2719,1552,5628.6762,1593.9826,5387.3214,-1639.9428,-16.9470,-14.4793,1.7500,9.845,79.87,78.79
2740,1564,5674.8630,1607.0622,5429.9286,-1658.5624,-17.0014,-14.4793,1.7500,9.924,78.89,77.81
2761,1576,5718.4628,1619.4092,5474.3214,-1662.4595,-16.9087,-14.4793,1.7500,10.003,78.95,77.84
2780,1588,5761.3223,1631.5466,5513.3214,-1681.5120,-16.9772,-14.5685,1.5833,10.082,78.74,77.71
2802,1600,5808.4206,1644.8843,5559.0714,-1692.9559,-16.9534,-15.0368,1.8333,10.160,78.23,77.13
2823,1612,5851.4607,1657.0728,5603.3214,-1695.3684,-16.8496,-13.9523,1.7500,10.237,77.15,76.09
2842,1624,5894.3130,1669.2082,5642.3214,-1714.4210,-16.9170,-15.0339,1.5833,10.316,78.34,77.31
2862,1636,5937.5200,1681.4439,5684.3214,-1724.8133,-16.8950,-14.5061,1.6667,10.394,78.22,77.17
2884,1648,5984.1015,1694.6353,5729.3214,-1736.9377,-16.8809,-14.4739,1.8333,10.473,78.81,77.69
2906,1660,6030.6834,1707.8268,5774.3214,-1749.0620,-16.8670,-15.0941,1.8333,10.552,78.85,77.70
2928,1672,6077.7861,1721.1658,5820.0714,-1760.5059,-16.8451,-14.4793,1.8333,10.630,78.26,77.14
2949,1684,6120.8456,1733.3598,5864.3214,-1762.9184,-16.7466,-13.9221,1.7500,10.707,77.64,76.57
2970,1696,6167.5792,1746.5943,5907.0714,-1783.0226,-16.8110,-14.7047,1.7500,10.786,78.18,77.12
2991,1708,6210.6447,1758.7900,5951.3214,-1785.4351,-16.7143,-13.9221,1.7500,10.865,79.28,78.15
3012,1720,6257.3744,1772.0234,5994.0714,-1805.5392,-16.7780,-14.4793,1.7500,10.945,79.87,78.78
3033,1732,6300.4458,1784.2207,6038.3214,-1807.9517,-16.6829,-14.4793,1.7500,11.023,78.68,77.57
3053,1744,6346.1743,1797.1706,6081.0714,-1824.5918,-16.7160,-14.2536,1.6667,11.101,77.72,76.69
3075,1756,6390.2486,1809.6520,6125.3214,-1830.4684,-16.6523,-14.4793,1.8333,11.179,78.27,77.16
3096,1768,6436.4070,1822.7236,6167.9286,-1849.0880,-16.7024,-14.4793,1.7500,11.257,77.70,76.63
3117,1780,6480.0533,1835.0837,6212.3214,-1852.9851,-16.6226,-14.4793,1.7500,11.336,79.29,78.20
3138,1792,6526.2088,1848.1545,6254.9286,-1871.6046,-16.6722,-14.4793,1.7500,11.415,78.40,77.31
3159,1804,6569.8596,1860.5159,6299.3214,-1875.5017,-16.5937,-14.4793,1.7500,11.493,77.98,76.89
3180,1816,6616.0122,1873.5859,6341.9286,-1894.1213,-16.6429,-14.3909,1.7500,11.571,77.77,76.70
3201,1828,6659.6676,1885.9486,6386.3214,-1898.0184,-16.5656,-13.9221,1.7500,11.648,77.20,76.10
3222,1840,6705.8174,1899.0178,6428.9286,-1916.6379,-16.6143,-15.0032,1.7500,11.725,77.68,76.59
3242,1852,6749.5968,1911.4156,6471.0714,-1928.5149,-16.6086,-14.4847,1.6667,11.804,78.23,77.19
3263,1864,6792.6981,1923.6215,6515.3214,-1930.9274,-16.5215,-13.9300,1.7500,11.881,77.45,76.38
3284,1876,6839.4039,1936.8481,6558.0714,-1951.0315,-16.5811,-14.4847,1.7500,11.959,78.26,77.19
3304,1888,6882.6234,1949.0874,6600.0714,-1961.4238,-16.5642,-14.4225,1.6667,12.038,79.05,77.98
3325,1900,6928.2264,1962.0017,6645.0714,-1970.0841,-16.5268,-14.2536,1.7500,12.116,77.54,76.43
3346,1912,6972.4330,1974.5205,6687.0714,-1983.9405,-16.5378,-15.0368,1.7500,12.195,78.79,77.72
3368,1924,7019.0227,1987.7143,6732.0714,-1996.0648,-16.5281,-14.4793,1.8333,12.273,78.52,77.38
3389,1936,7062.1381,1999.9241,6776.3214,-1998.4773,-16.4447,-14.4793,1.7500,12.351,78.02,76.92
3410,1948,7108.8343,2013.1480,6819.0714,-2018.5815,-16.5026,-14.4793,1.7500,12.430,78.80,77.70
3431,1960,7151.9541,2025.3590,6863.3214,-2020.9940,-16.4204,-14.4793,1.7500,12.508,78.08,76.99
3452,1972,7198.0892,2038.4240,6905.9286,-2039.6135,-16.4667,-14.6106,1.7500,12.586,77.92,76.81
3473,1984,7241.7714,2050.7944,6950.3214,-2043.5107,-16.3967,-14.4793,1.7500,12.664,77.91,76.83
3494,1996,7287.9041,2063.8587,6992.9286,-2062.1302,-16.4426,-14.4793,1.7500,12.741,77.33,76.27
3515,2008,7331.5899,2076.2300,7037.3214,-2066.0273,-16.3736,-14.4793,1.7500,12.819,77.86,76.79
3534,2020,7374.3827,2088.3485,7076.3214,-2085.0799,-16.4302,-14.5685,1.5833,12.898,79.27,78.22
3556,2032,7421.5016,2101.6921,7122.0714,-2096.5238,-16.4150,-15.0368,1.8333,12.977,78.61,77.48
3577,2044,7464.6367,2113.9075,7166.3214,-2098.9363,-16.3368,-13.9523,1.7500,13.055,77.52,76.39
3598,2056,7511.3191,2127.1275,7209.0714,-2119.0404,-16.3923,-15.0368,1.7500,13.133,78.36,77.30
3619,2068,7554.4581,2139.3440,7253.3214,-2121.4529,-16.3151,-13.9523,1.7500,13.211,77.73,76.66
3640,2080,7601.1378,2152.5632,7296.0714,-2141.5571,-16.3700,-14.4793,1.7500,13.290,79.66,78.57
3661,2092,7644.2807,2164.7808,7340.3214,-2143.9696,-16.2939,-14.4793,1.7500,13.368,77.76,76.63
3682,2104,7690.9576,2177.9992,7383.0714,-2164.0738,-16.3483,-14.4793,1.7500,13.447,79.16,78.06
3702,2116,7734.1849,2190.2407,7425.0714,-2174.4661,-16.3346,-14.4793,1.6667,13.526,79.16,78.09
3724,2128,7780.7785,2203.4356,7470.0714,-2186.5904,-16.3271,-14.7047,1.8333,13.605,78.28,77.15
3745,2140,7823.9287,2215.6553,7514.3214,-2189.0029,-16.2529,-13.9221,1.7500,13.684,79.55,78.40
3765,2152,7869.6285,2228.5970,7557.0714,-2205.6430,-16.2821,-14.2536,1.6667,13.762,77.28,76.24
3787,2164,7913.7542,2241.0929,7601.3214,-2211.5196,-16.2331,-14.4793,1.8333,13.840,78.12,77.02
3806,2176,7956.5289,2253.2062,7640.3214,-2230.5721,-16.2864,-14.4739,1.5833,13.918,78.71,77.71
3828,2188,8003.6525,2266.5512,7686.0714,-2242.0161,-16.2731,-15.0368,1.8333,13.998,79.63,78.44
3849,2200,8046.8121,2278.7735,7730.3214,-2244.4286,-16.2013,-13.9523,1.7500,14.076,78.09,76.94
3870,2212,8093.4771,2291.9886,7773.0714,-2264.5327,-16.2536,-15.0368,1.7500,14.158,81.92,80.82
3891,2224,8136.6400,2304.2118,7817.3214,-2266.9452,-16.1827,-13.9523,1.7500,14.237,78.61,77.46
3912,2236,8183.3025,2317.4262,7860.0714,-2287.0494,-16.2344,-15.0368,1.7500,14.316,79.41,78.31
3933,2248,8226.4687,2329.6504,7904.3214,-2289.4619,-16.1644,-13.8656,1.7500,14.394,77.85,76.73
3954,2260,8273.1288,2342.8641,7947.0714,-2309.5660,-16.2157,-14.4793,1.7500,14.472,78.31,77.24
3975,2272,8316.2982,2355.0892,7991.3214,-2311.9785,-16.1465,-14.4793,1.7500,14.550,77.50,76.41
3994,2284,8359.0615,2367.1993,8030.3214,-2331.0311,-16.1976,-14.4739,1.5833,14.629,79.78,78.76
4016,2296,8405.6574,2380.3948,8075.3214,-2343.1554,-16.1914,-15.0941,1.8333,14.709,79.62,78.47
4038,2308,8452.7841,2393.7406,8121.0714,-2354.5994,-16.1795,-14.4793,1.8333,14.788,78.79,77.67
4058,2320,8496.0165,2405.9835,8163.0714,-2364.9917,-16.1678,-15.0368,1.6667,14.866,78.45,77.41
4079,2332,8541.6493,2418.9063,8208.0714,-2373.6519,-16.1396,-14.2536,1.7500,14.943,76.79,75.72
4100,2344,8585.8459,2431.4223,8250.0714,-2387.5083,-16.1505,-14.4793,1.7500,15.023,79.55,78.45
4122,2356,8632.4425,2444.6180,8295.0714,-2399.6327,-16.1447,-14.4793,1.8333,15.101,78.81,77.59
4143,2368,8675.6240,2456.8465,8339.3214,-2402.0452,-16.0788,-14.4793,1.7500,15.180,78.06,76.98
4164,2380,8722.2729,2470.0570,8382.0714,-2422.1493,-16.1279,-14.7047,1.7500,15.258,78.61,77.55
4185,2392,8765.4572,2482.2864,8426.3214,-2424.5618,-16.0627,-14.4793,1.7500,15.338,79.61,78.52
4206,2404,8811.5549,2495.3407,8468.9286,-2443.1814,-16.1024,-14.3909,1.7500,15.417,78.93,77.81
4227,2416,8855.2912,2507.7264,8513.3214,-2447.0785,-16.0469,-13.9221,1.7500,15.496,79.31,78.24
4248,2428,8901.3872,2520.7803,8555.9286,-2465.6980,-16.0863,-15.0032,1.7500,15.574,77.75,76.65
4269,2440,8945.1258,2533.1666,8600.3214,-2469.5952,-16.0315,-13.9221,1.7500,15.652,77.80,76.73
4288,2452,8987.8739,2545.2724,8639.3214,-2488.6477,-16.0796,-15.0941,1.5833,15.730,78.42,77.39
4310,2464,9035.0038,2558.6191,8685.0714,-2500.0916,-16.0689,-14.4793,1.8333,15.809,79.33,78.13
4331,2476,9078.1982,2570.8513,8729.3214,-2502.5041,-16.0063,-14.4793,1.7500,15.887,77.97,76.81
4352,2488,9124.8375,2584.0591,8772.0714,-2522.6083,-16.0536,-14.4793,1.7500,15.966,78.64,77.54
4373,2500,9168.0344,2596.2920,8816.3214,-2525.0208,-15.9916,-14.4793,1.7500,16.046,80.62,79.46
4394,2512,9214.6718,2609.4992,8859.0714,-2545.1249,-16.0386,-14.4847,1.7500,16.127,80.97,79.83
4415,2524,9257.8712,2621.7329,8903.3214,-2547.5374,-15.9772,-13.8656,1.7500,16.206,79.04,77.89
4436,2536,9304.5067,2634.9396,8946.0714,-2567.6416,-16.0238,-14.4793,1.7500,16.285,78.32,77.23
4456,2548,9347.7437,2647.1838,8988.0714,-2578.0339,-16.0140,-14.4793,1.6667,16.365,80.40,79.34
4478,2560,9394.3422,2660.3800,9033.0714,-2590.1583,-16.0093,-14.7047,1.8333,16.443,78.21,77.08
4499,2572,9437.5466,2672.6151,9077.3214,-2592.5708,-15.9493,-13.9221,1.7500,16.524,80.20,79.08
4519,2584,9483.2244,2685.5505,9120.0714,-2609.2108,-15.9750,-14.2536,1.6667,16.604,80.28,79.16
4541,2596,9527.3851,2698.0564,9164.3214,-2615.0874,-15.9357,-14.4793,1.8333,16.685,81.27,80.07
4560,2608,9570.1204,2710.1586,9203.3214,-2634.1400,-15.9813,-14.4739,1.5833,16.767,82.02,80.89
4582,2620,9617.2532,2723.5061,9249.0714,-2645.5839,-15.9718,-15.0368,1.8333,16.847,80.22,79.02
4603,2632,9660.4638,2735.7429,9293.3214,-2647.9964,-15.9134,-13.9523,1.7500,16.925,77.68,76.57
4624,2644,9707.0908,2748.9472,9336.0714,-2668.1006,-15.9583,-15.0368,1.7500,17.006,81.12,80.05
4645,2656,9750.3037,2761.1846,9380.3214,-2670.5131,-15.9004,-13.9523,1.7500,17.086,80.23,79.13
4666,2668,9796.9289,2774.3884,9423.0714,-2690.6172,-15.9450,-15.0368,1.7500,17.167,80.36,79.28
4687,2680,9840.1441,2786.6265,9467.3214,-2693.0297,-15.8877,-13.8656,1.7500,17.244,77.43,76.35
4708,2692,9886.7676,2799.8298,9510.0714,-2713.1339,-15.9320,-14.4793,1.7500,17.323,78.77,77.68
4729,2704,9929.9849,2812.0685,9554.3214,-2715.5464,-15.8753,-14.4793,1.7500,17.400,77.43,76.35
4748,2716,9972.7121,2824.1684,9593.3214,-2734.5989,-15.9193,-14.4739,1.5833,17.479,78.50,77.51
4770,2728,10019.3118,2837.3649,9638.3214,-2746.7233,-15.9154,-15.0941,1.8333,17.558,78.88,77.74
4792,2740,10066.4464,2850.7129,9684.0714,-2758.1672,-15.9066,-14.4793,1.8333,17.636,78.14,76.98
4812,2752,10109.6865,2862.9581,9726.0714,-2768.5595,-15.8980,-15.0368,1.6667,17.714,78.34,77.29
4833,2764,10155.3384,2875.8862,9771.0714,-2777.2198,-15.8754,-14.2536,1.7500,17.791,76.78,75.71
4854,2776,10199.5270,2888.4000,9813.0714,-2791.0762,-15.8858,-14.4793,1.7500,17.870,78.69,77.64
4876,2788,10246.1271,2901.5967,9858.0714,-2803.2005,-15.8821,-14.4793,1.8333,17.948,78.55,77.41
4897,2800,10289.3528,2913.8377,9902.3214,-2805.6130,-15.8276,-14.4793,1.7500,18.027,78.81,77.69
4918,2812,10335.9681,2927.0387,9945.0714,-2825.7172,-15.8702,-14.7047,1.7500,18.108,80.45,79.36
4939,2824,10379.1958,2939.2803,9989.3214,-2828.1297,-15.8162,-14.4793,1.7500,18.187,79.51,78.43
4960,2836,10425.2666,2952.3271,10031.9286,-2846.7492,-15.8508,-14.3909,1.7500,18.265,77.98,76.85
4981,2848,10469.0392,2964.7231,10076.3214,-2850.6463,-15.8050,-13.9221,1.7500,18.343,78.25,77.10
5002,2860,10515.1088,2977.7695,10118.9286,-2869.2659,-15.8394,-15.0032,1.7500,18.422,78.86,77.71
5023,2872,10558.8831,2990.1659,10163.3214,-2873.1630,-15.7940,-13.9221,1.7500,18.500,77.88,76.80
5042,2884,10601.5992,3002.2627,10202.3214,-2892.2156,-15.8357,-15.0941,1.5833,18.579,78.73,77.73
5064,2896,10648.7358,3015.6113,10248.0714,-2903.6595,-15.8277,-14.4793,1.8333,18.657,78.39,77.28
5085,2908,10691.9706,3027.8549,10292.3214,-2906.0720,-15.7755,-14.4793,1.7500,18.734,77.30,76.24
5106,2920,10738.5788,3041.0539,10335.0714,-2926.1761,-15.8167,-14.4793,1.7500,18.813,78.37,77.30
5127,2932,10781.8154,3053.2980,10379.3214,-2928.5886,-15.7650,-14.4793,1.7500,18.890,77.63,76.57
5148,2944,10828.4222,3066.4966,10422.0714,-2948.6928,-15.8059,-14.4847,1.7500,18.969,78.53,77.44
5169,2956,10871.6606,3078.7413,10466.3214,-2951.1053,-15.7546,-13.8656,1.7500,19.047,77.99,76.88
5190,2968,10918.2660,3091.9394,10509.0714,-2971.2094,-15.7952,-14.4793,1.7500,19.125,78.45,77.36
5210,2980,10961.5090,3104.1854,10551.0714,-2981.6017,-15.7877,-14.4793,1.6667,19.204,79.00,77.95
5232,2992,11008.1102,3117.3824,10596.0714,-2993.7261,-15.7847,-14.7047,1.8333,19.283,78.27,77.10
5253,3004,11051.3521,3129.6280,10640.3214,-2996.1386,-15.7344,-13.9221,1.7500,19.361,77.81,76.74
5273,3016,11097.0135,3142.5588,10683.0714,-3012.7787,-15.7572,-14.2536,1.6667,19.439,78.08,77.05
5295,3028,11141.1983,3155.0715,10727.3214,-3018.6553,-15.7245,-14.4793,1.8333,19.517,78.54,77.36
5314,3040,11183.9049,3167.1656,10766.3214,-3037.7078,-15.7643,-14.4739,1.5833,19.598,80.51,79.45
5336,3052,11231.0433,3180.5147,10812.0714,-3049.1517,-15.7571,-15.0368,1.8333,19.678,80.72,79.55
5357,3064,11274.2898,3192.7617,10856.3214,-3051.5642,-15.7078,-13.9523,1.7500,19.756,77.37,76.29
5378,3076,11320.8888,3205.9580,10899.0714,-3071.6684,-15.7472,-15.0368,1.7500,19.837,81.43,80.35
5399,3088,11364.1369,3218.2054,10943.3214,-3074.0809,-15.6983,-13.9523,1.7500,19.915,77.70,76.62
5420,3100,11410.7346,3231.4014,10986.0714,-3094.1850,-15.7374,-15.0368,1.7500,19.994,78.89,77.83
5441,3112,11453.9843,3243.6493,11030.3214,-3096.5975,-15.6890,-13.8656,1.7500,20.072,77.85,76.74
5462,3124,11500.5807,3256.8449,11073.0714,-3116.7017,-15.7279,-14.4793,1.7500,20.150,78.83,77.72
5483,3136,11543.8320,3269.0932,11117.3214,-3119.1142,-15.6798,-14.4793,1.7500,20.228,77.41,76.34
5502,3148,11586.5325,3281.1855,11156.3214,-3138.1668,-15.7184,-14.4739,1.5833,20.306,78.63,77.62
5524,3160,11633.1343,3294.3827,11201.3214,-3150.2911,-15.7159,-15.0941,1.8333,20.385,78.87,77.76
5546,3172,11680.2739,3307.7321,11247.0714,-3161.7350,-15.7091,-14.4793,1.8333,20.463,78.13,76.98
5567,3184,11723.5283,3319.9813,11291.3214,-3164.1475,-15.6619,-14.4793,1.7500,20.543,79.28,78.19
5588,3196,11770.1210,3333.1759,11334.0714,-3184.2517,-15.7000,-14.4793,1.7500,20.622,78.85,77.76
5609,3208,11813.3769,3345.4255,11378.3214,-3186.6642,-15.6532,-13.9221,1.7500,20.700,78.04,76.94
5630,3220,11859.9683,3358.6197,11421.0714,-3206.7684,-15.6910,-14.4793,1.7500,20.778,78.40,77.32
5651,3232,11903.2257,3370.8698,11465.3214,-3209.1809,-15.6445,-14.4793,1.7500,20.857,78.45,77.36
5671,3244,11948.8801,3383.7986,11508.0714,-3225.8209,-15.6661,-14.4793,1.6667,20.934,77.69,76.63
5693,3256,11993.0748,3396.3141,11552.3214,-3231.6975,-15.6360,-14.4793,1.8333,21.013,78.49,77.36
5714,3268,12039.1253,3409.3551,11594.9286,-3250.3171,-15.6667,-14.3909,1.7500,21.090,77.79,76.72
5735,3280,12082.9241,3421.7585,11639.3214,-3254.2142,-15.6277,-13.9221,1.7500,21.169,78.98,77.91
5754,3292,12125.6174,3433.8488,11678.3214,-3273.2667,-15.6647,-15.0941,1.5833,21.248,78.49,77.49
5774,3304,12168.3901,3445.9616,11720.1071,-3282.6693,-15.6542,-14.4128,1.6667,21.327,79.25,78.20
5796,3316,12215.4659,3459.2929,11765.3214,-3295.7834,-15.6562,-15.0941,1.8333,21.406,78.65,77.50
5818,3328,12262.6069,3472.6428,11811.0714,-3307.2273,-15.6500,-14.4793,1.8333,21.484,78.42,77.30
5839,3340,12305.8709,3484.8947,11855.3214,-3309.6398,-15.6053,-14.4793,1.7500,21.563,78.26,77.14
5860,3352,12352.4558,3498.0870,11898.0714,-3329.7440,-15.6417,-14.4793,1.7500,21.641,78.61,77.51
5881,3364,12395.7212,3510.3394,11942.3214,-3332.1565,-15.5973,-14.4793,1.7500,21.719,77.71,76.64
5902,3376,12442.3050,3523.5314,11985.0714,-3352.2606,-15.6336,-14.4847,1.7500,21.798,78.77,77.68
5923,3388,12485.5717,3535.7841,12029.3214,-3354.6731,-15.5895,-13.8656,1.7500,21.875,77.60,76.53
5944,3400,12532.1544,3548.9758,12072.0714,-3374.7773,-15.6255,-14.4793,1.7500,21.953,78.14,77.08
5964,3412,12575.4014,3561.2229,12114.0714,-3385.1696,-15.6196,-15.0368,1.6667,22.033,79.65,78.56
5986,3424,12622.0041,3574.4203,12159.0714,-3397.2939,-15.6176,-14.4793,1.8333,22.111,78.06,76.94
6007,3436,12665.2735,3586.6738,12203.3214,-3399.7064,-15.5742,-14.4793,1.7500,22.189,78.01,76.91
6027,3448,12710.9223,3599.6010,12246.0714,-3416.3465,-15.5947,-14.2536,1.6667,22.267,77.48,76.42
6049,3460,12755.1246,3612.1187,12290.3214,-3422.2231,-15.5667,-14.4793,1.8333,22.344,77.93,76.85
6068,3472,12797.8095,3624.2066,12329.3214,-3441.2757,-15.6020,-14.7003,1.5833,22.423,78.73,77.73
6090,3484,12844.9517,3637.5568,12375.0714,-3452.7196,-15.5963,-15.0368,1.8333,22.502,79.22,78.11
6111,3496,12888.2245,3649.8112,12419.3214,-3455.1321,-15.5537,-13.9523,1.7500,22.581,79.05,77.94
6132,3508,12934.8022,3663.0015,12462.0714,-3475.2362,-15.5888,-15.0368,1.7500,22.664,82.26,81.15
6153,3520,12978.0763,3675.2563,12506.3214,-3477.6487,-15.5465,-13.8656,1.7500,22.742,77.85,76.74
6174,3532,13024.6530,3688.4463,12549.0714,-3497.7529,-15.5813,-14.5453,1.7500,22.821,79.07,78.02
6195,3544,13067.9283,3700.7014,12593.3214,-3500.1654,-15.5394,-13.8656,1.7500,22.898,77.47,76.37
6216,3556,13114.5039,3713.8912,12636.0714,-3520.2695,-15.5740,-14.4793,1.7500,22.978,79.82,78.73
6237,3568,13157.7805,3726.1466,12680.3214,-3522.6820,-15.5324,-14.4793,1.7500,23.056,78.24,77.12
6256,3580,13200.4605,3738.2332,12719.3214,-3541.7346,-15.5667,-14.4739,1.5833,23.135,78.52,77.52
6278,3592,13247.0635,3751.4307,12764.3214,-3553.8590,-15.5650,-15.0941,1.8333,23.215,79.89,78.76
6300,3604,13294.2065,3764.7811,12810.0714,-3565.3029,-15.5596,-14.4793,1.8333,23.293,78.31,77.19
6321,3616,13337.4854,3777.0372,12854.3214,-3567.7154,-15.5186,-14.4793,1.7500,23.371,77.74,76.66
6342,3628,13384.0581,3790.2261,12897.0714,-3587.8195,-15.5526,-14.4793,1.7500,23.449,78.26,77.16
6363,3640,13427.3381,3802.4826,12941.3214,-3590.2320,-15.5118,-13.9221,1.7500,23.527,77.96,76.88
6384,3652,13473.9099,3815.6712,12984.0714,-3610.3362,-15.5456,-14.4793,1.7500,23.605,78.37,77.28
6405,3664,13517.1911,3827.9280,13028.3214,-3612.7487,-15.5052,-14.4793,1.7500,23.683,78.11,77.04
6425,3676,13562.8343,3840.8537,13071.0714,-3629.3887,-15.5246,-14.4793,1.6667,23.761,78.06,76.97
6447,3688,13607.0442,3853.3734,13115.3214,-3635.2654,-15.4986,-14.4793,1.8333,23.841,79.83,78.66
6468,3700,13653.0790,3866.4100,13157.9286,-3653.8849,-15.5261,-14.3909,1.7500,23.919,77.74,76.63
6489,3712,13696.8975,3878.8190,13202.3214,-3657.7820,-15.4921,-13.9221,1.7500,23.997,78.09,77.00
6508,3724,13739.5719,3890.9039,13241.3214,-3676.8346,-15.5253,-15.0941,1.5833,24.076,79.18,78.14
6528,3736,13782.3498,3903.0182,13283.1071,-3686.2371,-15.5164,-14.4128,1.6667,24.155,78.97,77.93
6550,3748,13829.4244,3916.3492,13328.3214,-3699.3512,-15.5187,-15.0941,1.8333,24.234,78.53,77.40
6572,3760,13876.5684,3929.6999,13374.0714,-3710.7951,-15.5137,-14.4793,1.8333,24.312,78.73,77.55
6593,3772,13919.8548,3941.9581,13418.3214,-3713.2076,-15.4745,-14.4793,1.7500,24.390,77.43,76.34
6614,3784,13966.4213,3955.1453,13461.0714,-3733.3118,-15.5072,-14.4793,1.7500,24.468,78.41,77.36
6635,3796,14009.7087,3967.4038,13505.3214,-3735.7243,-15.4683,-14.4793,1.7500,24.546,77.81,76.73
6656,3808,14056.2744,3980.5907,13548.0714,-3755.8285,-15.5008,-14.4847,1.7500,24.625,78.97,77.86
6677,3820,14099.5628,3992.8496,13592.3214,-3758.2410,-15.4622,-13.8656,1.7500,24.703,77.70,76.61
6698,3832,14146.1276,4006.0362,13635.0714,-3778.3451,-15.4945,-14.4793,1.7500,24.781,78.40,77.25
6718,3844,14189.3775,4018.2842,13677.0714,-3788.7374,-15.4897,-15.0368,1.6667,24.862,80.68,79.50
6740,3856,14235.9810,4031.4818,13722.0714,-3800.8618,-15.4883,-14.4793,1.8333,24.940,78.10,76.96
6761,3868,14279.2714,4043.7412,13766.3214,-3803.2743,-15.4502,-14.4793,1.7500,25.018,78.15,76.98
6781,3880,14324.9102,4056.6656,13809.0714,-3819.9143,-15.4688,-14.2536,1.6667,25.095,77.04,75.99
6803,3892,14369.1260,4069.1871,13853.3214,-3825.7909,-15.4444,-14.4793,1.8333,25.173,78.14,76.97
6822,3904,14411.7936,4081.2701,13892.3214,-3844.8435,-15.4761,-14.7003,1.5833,25.254,81.05,80.02
6844,3916,14458.9385,4094.6211,13938.0714,-3856.2874,-15.4714,-15.0368,1.8333,25.334,79.37,78.21
6865,3928,14502.2317,4106.8812,13982.3214,-3858.6999,-15.4340,-13.9523,1.7500,25.412,78.71,77.60
6886,3940,14548.7925,4120.0668,14025.0714,-3878.8041,-15.4655,-15.0368,1.7500,25.495,82.39,81.24
6907,3952,14592.0867,4132.3272,14069.3214,-3881.2166,-15.4283,-13.8656,1.7500,25.575,80.01,78.76
6928,3964,14638.6467,4145.5125,14112.0714,-3901.3207,-15.4596,-14.5453,1.7500,25.654,79.27,78.17
6949,3976,14681.9418,4157.7733,14156.3214,-3903.7332,-15.4227,-13.8656,1.7500,25.732,77.81,76.72
6970,3988,14728.5010,4170.9583,14199.0714,-3923.8374,-15.4538,-14.4793,1.7500,25.810,78.39,77.31
6991,4000,14771.7970,4183.2193,14243.3214,-3926.2499,-15.4171,-14.4793,1.7500,25.888,77.37,76.32
7010,4012,14814.4608,4195.3013,14282.3214,-3945.3024,-15.4480,-14.4739,1.5833,25.967,78.96,77.94
7032,4024,14861.0646,4208.4990,14327.3214,-3957.4268,-15.4469,-15.0941,1.8333,26.046,79.57,78.39
7054,4036,14908.2101,4221.8501,14373.0714,-3968.8707,-15.4424,-14.4793,1.8333,26.125,78.39,77.28
7075,4048,14951.5079,4234.1116,14417.3214,-3971.2832,-15.4062,-14.4793,1.7500,26.203,78.40,77.31
7096,4060,14998.0648,4247.2960,14460.0714,-3991.3874,-15.4369,-14.4793,1.7500,26.281,78.26,77.19
7117,4072,15041.3636,4259.5578,14504.3214,-3993.7999,-15.4009,-13.9221,1.7500,26.359,77.95,76.88
7138,4084,15087.9197,4272.7420,14547.0714,-4013.9040,-15.4313,-14.4793,1.7500,26.438,78.73,77.65
7159,4096,15131.2194,4285.0040,14591.3214,-4016.3165,-15.3956,-14.4793,1.7500,26.516,78.27,77.18
7179,4108,15176.8537,4297.9272,14634.0714,-4032.9566,-15.4133,-14.4793,1.6667,26.595,78.43,77.36
7201,4120,15221.0753,4310.4503,14678.3214,-4038.8332,-15.3903,-14.4793,1.8333,26.673,78.84,77.71
7222,4132,15267.0975,4323.4833,14720.9286,-4057.4527,-15.4153,-14.3909,1.7500,26.751,77.50,76.41
7243,4144,15310.9313,4335.8966,14765.3214,-4061.3498,-15.3852,-13.9221,1.7500,26.830,78.63,77.47
7262,4156,15353.5906,4347.9772,14804.3214,-4080.4024,-15.4151,-15.0941,1.5833,26.908,78.79,77.76
7282,4168,15396.3725,4360.0926,14846.1071,-4089.8050,-15.4075,-14.4128,1.6667,26.987,78.76,77.70
7304,4180,15443.4460,4373.4233,14891.3214,-4102.9191,-15.4099,-15.0941,1.8333,27.068,80.62,79.40
7326,4192,15490.5922,4386.7747,14937.0714,-4114.3630,-15.4057,-14.4793,1.8333,27.147,78.73,77.61
7347,4204,15533.8960,4399.0378,14981.3214,-4116.7755,-15.3709,-14.4793,1.7500,27.224,77.38,76.31
7368,4216,15580.4479,4412.2208,15024.0714,-4136.8796,-15.4005,-14.4793,1.7500,27.302,78.35,77.23
7389,4228,15623.7525,4424.4843,15068.3214,-4139.2921,-15.3660,-14.4793,1.7500,27.380,77.99,76.86
7410,4240,15670.3037,4437.6671,15111.0714,-4159.3963,-15.3954,-14.4847,1.7500,27.459,78.45,77.38
7431,4252,15713.6091,4449.9307,15155.3214,-4161.8088,-15.3611,-13.8656,1.7500,27.537,77.88,76.79
7452,4264,15760.1596,4463.1133,15198.0714,-4181.9130,-15.3904,-14.4793,1.7500,27.616,79.04,77.95
7472,4276,15803.4116,4475.3618,15240.0714,-4192.3053,-15.3863,-15.0368,1.6667,27.694,78.90,77.81
7494,4288,15850.0156,4488.5596,15285.0714,-4204.4296,-15.3854,-14.4793,1.8333,27.773,78.14,77.03
7515,4300,15893.3227,4500.8237,15329.3214,-4206.8421,-15.3515,-14.4793,1.7500,27.851,78.22,77.16
7536,4312,15939.8718,4514.0059,15372.0714,-4226.9463,-15.3805,-14.4793,1.7500,27.929,78.48,77.41
7557,4324,15983.1796,4526.2703,15416.3214,-4229.3588,-15.3467,-14.4793,1.7500,28.009,79.51,78.42
7578,4336,16029.1967,4539.3018,15458.9286,-4247.9783,-15.3706,-14.6106,1.7500,28.088,79.16,78.02
7599,4348,16073.0367,4551.7169,15503.3214,-4251.8754,-15.3420,-14.4793,1.7500,28.166,78.03,76.95
7620,4360,16119.0532,4564.7483,15545.9286,-4270.4950,-15.3658,-14.4793,1.7500,28.244,77.83,76.72
7641,4372,16162.8938,4577.1635,15590.3214,-4274.3921,-15.3374,-14.4793,1.7500,28.322,78.42,77.32
7660,4384,16205.5463,4589.2422,15629.3214,-4293.4447,-15.3659,-14.4793,1.5833,28.402,80.08,79.07
7682,4396,16252.6934,4602.5938,15675.0714,-4304.8886,-15.3621,-14.5453,1.8333,28.482,79.87,78.71
7703,4408,16296.0042,4614.8589,15719.3214,-4307.3011,-15.3290,-13.8656,1.7500,28.561,78.39,77.29
7722,4420,16338.6554,4626.9373,15758.3214,-4326.3536,-15.3573,-14.4739,1.5833,28.639,78.56,77.56
7742,4432,16381.9081,4639.1860,15800.3214,-4336.7459,-15.3535,-15.0339,1.6667,28.717,78.26,77.22
7764,4444,16428.5123,4652.3839,15845.3214,-4348.8703,-15.3527,-14.4739,1.8333,28.796,78.97,77.85
7786,4456,16475.1164,4665.5817,15890.3214,-4360.9946,-15.3519,-15.0941,1.8333,28.875,78.64,77.53
7808,4468,16522.2638,4678.9333,15936.0714,-4372.4385,-15.3482,-14.4793,1.8333,28.953,78.12,77.00
7829,4480,16565.5768,4691.1991,15980.3214,-4374.8510,-15.3157,-14.4793,1.7500,29.032,78.60,77.44
7850,4492,16612.1208,4704.3799,16023.0714,-4394.9552,-15.3437,-14.4793,1.7500,29.110,78.50,77.43
7871,4504,16655.4345,4716.6459,16067.3214,-4397.3677,-15.3114,-13.9221,1.7500,29.188,77.96,76.90
7892,4516,16701.9779,4729.8265,16110.0714,-4417.4719,-15.3392,-14.4793,1.7500,29.267,78.72,77.61
7913,4528,16745.2924,4742.0927,16154.3214,-4419.8844,-15.3071,-14.4793,1.7500,29.345,78.11,76.98
7933,4540,16790.9193,4755.0138,16197.0714,-4436.5244,-15.3233,-14.2536,1.6667,29.423,77.63,76.57
7955,4552,16835.1503,4767.5395,16241.3214,-4442.4010,-15.3028,-14.4793,1.8333,29.501,78.32,77.23
7976,4564,16881.1622,4780.5696,16283.9286,-4461.0206,-15.3256,-14.4793,1.7500,29.579,77.53,76.46
7997,4576,16925.0083,4792.9864,16328.3214,-4464.9177,-15.2986,-14.4793,1.7500,29.657,78.09,76.95
8016,4588,16967.6553,4805.0635,16367.3214,-4483.9702,-15.3259,-14.5685,1.5833,29.738,80.97,79.91
8036,4600,17010.4403,4817.1798,16409.1071,-4493.3728,-15.3193,-14.9731,1.6667,29.817,79.21,78.13
8058,4612,17057.5128,4830.5103,16454.3214,-4506.4869,-15.3216,-14.4793,1.8333,29.896,78.73,77.60
8080,4624,17104.6606,4843.8620,16500.0714,-4517.9308,-15.3181,-14.4793,1.8333,29.974,78.79,77.67
8101,4636,17147.9785,4856.1292,16544.3214,-4520.3433,-15.2868,-14.4793,1.7500,30.052,77.90,76.79
8122,4648,17194.5183,4869.3088,16587.0714,-4540.4475,-15.3139,-14.4847,1.7500,30.131,78.54,77.44
8143,4660,17237.8369,4881.5762,16631.3214,-4542.8600,-15.2828,-13.9300,1.7500,30.209,77.99,76.89
8164,4672,17284.3761,4894.7556,16674.0714,-4562.9641,-15.3097,-14.4847,1.7500,30.287,78.59,77.49
8185,4684,17327.6953,4907.0231,16718.3214,-4565.3766,-15.2788,-13.8656,1.7500,30.367,79.30,78.17
8206,4696,17374.2340,4920.2024,16761.0714,-4585.4808,-15.3056,-14.4793,1.7500,30.447,80.21,79.13
8226,4708,17417.4876,4932.4514,16803.0714,-4595.8731,-15.3021,-15.0368,1.6667,30.526,78.89,77.85
8248,4720,17464.0919,4945.6493,16848.0714,-4607.9975,-15.3015,-14.4793,1.8333,30.604,78.66,77.49
8269,4732,17507.4125,4957.9172,16892.3214,-4610.4100,-15.2709,-14.4793,1.7500,30.683,78.66,77.52
8290,4744,17553.9500,4971.0961,16935.0714,-4630.5141,-15.2974,-14.4793,1.7500,30.762,78.76,77.69
8311,4756,17597.2711,4983.3642,16979.3214,-4632.9266,-15.2670,-14.4793,1.7500,30.841,79.10,78.02
8332,4768,17643.2788,4996.3931,17021.9286,-4651.5462,-15.2889,-14.6106,1.7500,30.919,78.24,77.19
8353,4780,17687.1299,5008.8113,17066.3214,-4655.4433,-15.2632,-14.4793,1.7500,30.997,78.11,77.00
8374,4792,17733.1371,5021.8400,17108.9286,-4674.0628,-15.2850,-14.4793,1.7500,31.075,78.05,76.95
8395,4804,17776.9888,5034.2584,17153.3214,-4677.9599,-15.2594,-14.4793,1.7500,31.154,78.22,77.15
8414,4816,17819.6301,5046.3340,17192.3214,-4697.0125,-15.2854,-14.4793,1.5833,31.232,78.45,77.45
8436,4828,17866.7786,5059.6859,17238.0714,-4708.4564,-15.2822,-14.5453,1.8333,31.311,78.69,77.53
8457,4840,17910.1022,5071.9547,17282.3214,-4710.8689,-15.2523,-13.8656,1.7500,31.388,77.64,76.55
8476,4852,17952.7425,5084.0300,17321.3214,-4729.9215,-15.2782,-14.4739,1.5833,31.467,78.41,77.42
8496,4864,17995.9966,5096.2791,17363.3214,-4740.3138,-15.2749,-15.0339,1.6667,31.545,78.66,77.58
8518,4876,18042.6010,5109.4770,17408.3214,-4752.4381,-15.2744,-14.4739,1.8333,31.625,79.14,78.02
8540,4888,18089.2055,5122.6749,17453.3214,-4764.5625,-15.2739,-15.0941,1.8333,31.704,79.15,78.00
8562,4900,18136.3542,5136.0269,17499.0714,-4776.0064,-15.2707,-14.4793,1.8333,31.782,78.77,77.65
8583,4912,18179.6796,5148.2963,17543.3214,-4778.4189,-15.2413,-14.4793,1.7500,31.861,78.45,77.32
8604,4924,18226.2129,5161.4740,17586.0714,-4798.5230,-15.2670,-14.4793,1.7500,31.940,79.56,78.48
8625,4936,18269.5389,5173.7435,17630.3214,-4800.9355,-15.2377,-13.9221,1.7500,32.019,78.29,77.15
8646,4948,18316.0717,5186.9211,17673.0714,-4821.0397,-15.2632,-14.4793,1.7500,32.099,80.61,79.49
8667,4960,18359.3983,5199.1907,17717.3214,-4823.4522,-15.2341,-14.4793,1.7500,32.177,78.12,77.04
8687,4972,18405.0191,5212.1100,17760.0714,-4840.0923,-15.2492,-14.2536,1.6667,32.255,77.68,76.65
8709,4984,18449.2577,5224.6380,17804.3214,-4845.9689,-15.2306,-14.4793,1.8333,32.334,78.82,77.68
8730,4996,18495.2610,5237.6656,17846.9286,-4864.5884,-15.2516,-14.4793,1.7500,32.412,77.66,76.59
8751,5008,18539.1172,5250.0852,17891.3214,-4868.4855,-15.2271,-14.4793,1.7500,32.489,77.81,76.75
8772,5020,18585.1201,5263.1128,17933.9286,-4887.1051,-15.2480,-14.4793,1.7500,32.568,78.21,77.13
8793,5032,18628.9768,5275.5325,17978.3214,-4891.0022,-15.2237,-14.4793,1.7500,32.646,77.94,76.83
8814,5044,18674.9793,5288.5600,18020.9286,-4909.6217,-15.2445,-14.3909,1.7500,32.725,79.51,78.32
8835,5056,18718.8364,5300.9799,18065.3214,-4913.5188,-15.2203,-13.9221,1.7500,32.805,80.00,78.87
8856,5068,18764.8385,5314.0072,18107.9286,-4932.1384,-15.2410,-15.0032,1.7500,32.885,80.15,78.99
8876,5080,18808.6213,5326.4060,18150.0714,-4944.0153,-15.2421,-14.4847,1.6667,32.966,80.95,79.83
8897,5092,18851.9513,5338.6766,18194.3214,-4946.4278,-15.2138,-13.9300,1.7500,33.047,80.63,79.45
8918,5104,18898.4806,5351.8532,18237.0714,-4966.5320,-15.2386,-14.4847,1.7500,33.128,81.01,79.88
8938,5116,18941.7354,5364.1025,18279.0714,-4976.9243,-15.2356,-14.4225,1.6667,33.209,81.53,80.40
8959,5128,18987.4300,5377.0427,18324.0714,-4985.5845,-15.2251,-14.2536,1.7500,33.289,79.94,78.79
8980,5140,19031.5948,5389.5498,18366.0714,-4999.4409,-15.2322,-15.0368,1.7500,33.371,81.88,80.73
9002,5152,19078.1994,5402.7477,18411.0714,-5011.5653,-15.2318,-14.4793,1.8333,33.452,81.01,79.80
9023,5164,19121.5310,5415.0188,18455.3214,-5013.9778,-15.2039,-14.4793,1.7500,33.533,81.02,79.87
9044,5176,19168.0589,5428.1950,18498.0714,-5034.0820,-15.2284,-14.4793,1.7500,33.616,82.40,81.25
9065,5188,19211.3910,5440.4662,18542.3214,-5036.4945,-15.2007,-14.4793,1.7500,33.697,81.11,79.97
9086,5200,19257.3907,5453.4928,18584.9286,-5055.1140,-15.2209,-14.6106,1.7500,33.780,83.56,82.41
9107,5212,19301.2511,5465.9136,18629.3214,-5059.0111,-15.1975,-14.4793,1.7500,33.868,88.08,86.96
9128,5224,19347.2504,5478.9402,18671.9286,-5077.6307,-15.2176,-14.4793,1.7500,33.959,90.98,89.86
9149,5236,19391.1112,5491.3611,18716.3214,-5081.5278,-15.1943,-14.4793,1.7500,34.054,94.89,93.76
9168,5248,19433.7431,5503.4340,18755.3214,-5100.5803,-15.2183,-14.5685,1.5833,34.152,97.58,96.49
9190,5260,19480.8928,5516.7863,18801.0714,-5112.0242,-15.2155,-15.0368,1.8333,34.250,98.27,97.04
9211,5272,19524.2270,5529.0581,18845.3214,-5114.4367,-15.1883,-13.9523,1.7500,34.348,97.94,96.75
9230,5284,19566.8581,5541.1308,18884.3214,-5133.4893,-15.2122,-15.0339,1.5833,34.447,98.70,97.61
9250,5296,19610.1134,5553.3802,18926.3214,-5143.8816,-15.2093,-14.5061,1.6667,34.544,97.15,95.94
9272,5308,19656.7180,5566.5781,18971.3214,-5156.0060,-15.2090,-14.4739,1.8333,34.644,100.51,99.25
9294,5320,19703.3226,5579.7761,19016.3214,-5168.1303,-15.2087,-15.0941,1.8333,34.743,98.83,97.58
9316,5332,19750.4724,5593.1284,19062.0714,-5179.5742,-15.2059,-14.4793,1.8333,34.842,98.40,97.17
9337,5344,19793.8081,5605.4007,19106.3214,-5181.9867,-15.1790,-13.9221,1.7500,34.939,97.86,96.65
9358,5356,19840.3324,5618.5758,19149.0714,-5202.0909,-15.2027,-14.7047,1.7500,35.036,96.84,95.61
9379,5368,19883.6686,5630.8482,19193.3214,-5204.5034,-15.1760,-13.9221,1.7500,35.130,93.82,92.63
9400,5380,19930.1924,5644.0233,19236.0714,-5224.6075,-15.1996,-14.4793,1.7500,35.220,90.13,89.00
9421,5392,19973.5292,5656.2958,19280.3214,-5227.0200,-15.1730,-14.4793,1.7500,35.306,85.35,84.22
9441,5404,20019.1448,5669.2136,19323.0714,-5243.6601,-15.1869,-14.2536,1.6667,35.387,81.83,80.73
9463,5416,20063.3897,5681.7434,19367.3214,-5249.5367,-15.1700,-14.4793,1.8333,35.468,80.42,79.23
9484,5428,20109.3858,5694.7690,19409.9286,-5268.1562,-15.1895,-14.4793,1.7500,35.548,80.01,78.87
9505,5440,20153.2504,5707.1910,19454.3214,-5272.0534,-15.1671,-14.4793,1.7500,35.628,79.62,78.53
9526,5452,20199.2461,5720.2165,19496.9286,-5290.6729,-15.1865,-14.4793,1.7500,35.708,80.81,79.73
9547,5464,20243.1111,5732.6386,19541.3214,-5294.5700,-15.1642,-14.4793,1.7500,35.790,81.76,80.66
9568,5476,20289.1064,5745.6640,19583.9286,-5313.1896,-15.1835,-14.3909,1.7500,35.872,81.65,80.55
9589,5488,20332.9718,5758.0862,19628.3214,-5317.0867,-15.1613,-13.9221,1.7500,35.954,82.51,81.41
9610,5500,20378.9668,5771.1115,19670.9286,-5335.7062,-15.1805,-15.0032,1.7500,36.034,79.65,78.55
9630,5512,20422.7492,5783.5102,19713.0714,-5347.5832,-15.1817,-14.4847,1.6667,36.114,80.23,79.15
9651,5524,20466.0888,5795.7835,19757.3214,-5349.9956,-15.1558,-13.9300,1.7500,36.198,83.74,82.59
9672,5536,20512.6096,5808.9578,19800.0714,-5370.0998,-15.1787,-14.4847,1.7500,36.281,82.76,81.63
9692,5548,20555.8655,5821.2074,19842.0714,-5380.4921,-15.1761,-14.4225,1.6667,36.366,85.58,84.50
9713,5560,20601.5635,5834.1486,19887.0714,-5389.1524,-15.1665,-14.2536,1.7500,36.450,83.36,82.25
9734,5572,20645.7260,5846.6549,19929.0714,-5403.0088,-15.1732,-15.0368,1.7500,36.534,84.11,82.99
9756,5584,20692.3307,5859.8529,19974.0714,-5415.1331,-15.1729,-14.4793,1.8333,36.614,80.13,78.96
9777,5596,20735.6716,5872.1266,20018.3214,-5417.5456,-15.1474,-14.4793,1.7500,36.693,79.68,78.56
9798,5608,20782.1912,5885.3005,20061.0714,-5437.6498,-15.1701,-14.4793,1.7500,36.774,80.67,79.55
9819,5620,20825.5326,5897.5743,20105.3214,-5440.0623,-15.1446,-14.4793,1.7500,36.857,82.52,81.40
9840,5632,20871.5256,5910.5990,20147.9286,-5458.6818,-15.1634,-14.6106,1.7500,36.940,83.14,82.04
9861,5644,20915.3937,5923.0220,20192.3214,-5462.5790,-15.1419,-14.4793,1.7500,37.029,88.77,87.63
9882,5656,20961.3864,5936.0467,20234.9286,-5481.1985,-15.1606,-14.4793,1.7500,37.120,91.13,89.97
9903,5668,21005.2549,5948.4698,20279.3214,-5485.0956,-15.1392,-14.4793,1.7500,37.216,96.30,95.02
9922,5680,21047.8788,5960.5404,20318.3214,-5504.1482,-15.1615,-14.5685,1.5833,37.314,97.92,96.81
9944,5692,21095.0294,5973.8930,20364.0714,-5515.5921,-15.1590,-15.0368,1.8333,37.412,98.48,97.19
9965,5704,21138.3726,5986.1673,20408.3214,-5518.0046,-15.1340,-13.9523,1.7500,37.510,97.35,96.17
9984,5716,21180.9957,5998.2378,20447.3214,-5537.0571,-15.1562,-15.0339,1.5833,37.609,99.60,98.51
10004,5728,21224.2519,6010.4875,20489.3214,-5547.4494,-15.1536,-14.5061,1.6667,37.707,97.71,96.54
10026,5740,21270.8566,6023.6854,20534.3214,-5559.5738,-15.1535,-14.4739,1.8333,37.807,100.09,98.87
10048,5752,21317.4613,6036.8834,20579.3214,-5571.6982,-15.1533,-15.0941,1.8333,37.906,98.40,97.17
10070,5764,21364.6121,6050.2360,20625.0714,-5583.1421,-15.1509,-14.4793,1.8333,38.005,98.95,97.74
10091,5776,21407.9565,6062.5107,20669.3214,-5585.5546,-15.1261,-13.9221,1.7500,38.103,98.51,97.34
10112,5788,21454.4730,6075.6837,20712.0714,-5605.6587,-15.1482,-14.7047,1.7500,38.201,98.45,97.28
10133,5800,21497.8179,6087.9585,20756.3214,-5608.0712,-15.1236,-13.9221,1.7500,38.299,98.01,96.84
10154,5812,21544.3341,6101.1314,20799.0714,-5628.1754,-15.1455,-14.4793,1.7500,38.398,98.62,97.46
10175,5824,21587.6794,6113.4063,20843.3214,-5630.5879,-15.1210,-14.4793,1.7500,38.496,98.10,96.90
10195,5836,21632.7650,6126.1741,20885.9286,-5645.7433,-15.1303,-14.1590,1.6667,38.595,98.53,97.35
10217,5848,21677.5408,6138.8542,20930.3214,-5653.1045,-15.1185,-14.4793,1.8333,38.695,99.83,98.61
10238,5860,21723.5306,6151.8780,20972.9286,-5671.7241,-15.1366,-14.4793,1.7500,38.792,97.88,96.70
10259,5872,21767.4024,6164.3020,21017.3214,-5675.6212,-15.1160,-14.4793,1.7500,38.891,98.05,96.88
10280,5884,21813.3919,6177.3258,21059.9286,-5694.2407,-15.1340,-14.4793,1.7500,38.986,95.39,94.23
10301,5896,21857.2639,6189.7499,21104.3214,-5698.1379,-15.1135,-14.4793,1.7500,39.082,96.06,94.90
10322,5908,21903.2531,6202.7735,21146.9286,-5716.7574,-15.1314,-14.3909,1.7500,39.175,93.07,91.88
10343,5920,21947.1255,6215.1978,21191.3214,-5720.6545,-15.1110,-13.9221,1.7500,39.262,87.02,85.89
10364,5932,21993.1144,6228.2213,21233.9286,-5739.2741,-15.1289,-15.0032,1.7500,39.346,84.19,83.07
10384,5944,22036.8965,6240.6199,21276.0714,-5751.1510,-15.1301,-14.4847,1.6667,39.428,81.80,80.72
10405,5956,22080.2442,6252.8956,21320.3214,-5753.5635,-15.1062,-13.9300,1.7500,39.507,78.72,77.61
10426,5968,22126.7578,6266.0677,21363.0714,-5773.6676,-15.1276,-14.4847,1.7500,39.588,81.04,79.92
10446,5980,22170.0145,6278.3176,21405.0714,-5784.0600,-15.1252,-14.4225,1.6667,39.667,79.65,78.54
10467,5992,22215.7155,6291.2597,21450.0714,-5792.7202,-15.1165,-14.2536,1.7500,39.746,79.04,77.93
10488,6004,22259.8759,6303.7654,21492.0714,-5806.5766,-15.1227,-15.0368,1.7500,39.826,79.50,78.42
10510,6016,22306.4806,6316.9634,21537.0714,-5818.7010,-15.1226,-14.4793,1.8333,39.905,79.22,78.06
10531,6028,22349.8295,6329.2393,21581.3214,-5821.1135,-15.0990,-14.4793,1.7500,39.985,80.03,78.87
10552,6040,22396.3420,6342.4112,21624.0714,-5841.2176,-15.1202,-14.4793,1.7500,40.066,80.68,79.56
10573,6052,22439.6913,6354.6873,21668.3214,-5843.6301,-15.0966,-14.4793,1.7500,40.146,79.67,78.57
10594,6064,22485.6785,6367.7104,21710.9286,-5862.2497,-15.1142,-14.7047,1.7500,40.225,79.14,78.04
10615,6076,22529.5532,6380.1352,21755.3214,-5866.1468,-15.0943,-14.4793,1.7500,40.303,78.54,77.45
10636,6088,22575.5401,6393.1582,21797.9286,-5884.7663,-15.1118,-14.4793,1.7500,40.382,78.65,77.57
10657,6100,22619.4151,6405.5832,21842.3214,-5888.6635,-15.0920,-14.4793,1.7500,40.462,79.71,78.63
10676,6112,22662.0322,6417.6519,21881.3214,-5907.7160,-15.1128,-14.5685,1.5833,40.540,78.61,77.59
10698,6124,22709.1836,6431.0047,21927.0714,-5919.1599,-15.1106,-15.0368,1.8333,40.621,81.25,80.07
10719,6136,22752.5344,6443.2812,21971.3214,-5921.5724,-15.0874,-13.9523,1.7500,40.700,78.12,77.00
10740,6148,22799.0452,6456.4526,22014.0714,-5941.6766,-15.1082,-15.0368,1.7500,40.780,80.20,79.08
10761,6160,22842.3964,6468.7292,22058.3214,-5944.0891,-15.0852,-13.9523,1.7500,40.859,79.05,77.89
10782,6172,22888.9069,6481.9005,22101.0714,-5964.1932,-15.1059,-14.4793,1.7500,40.940,80.72,79.61
10803,6184,22932.2585,6494.1772,22145.3214,-5966.6057,-15.0829,-14.4793,1.7500,41.020,80.55,79.42
10824,6196,22978.7687,6507.3484,22188.0714,-5986.7099,-15.1036,-14.4793,1.7500,41.099,79.09,77.98
10844,6208,23022.0257,6519.5983,22230.0714,-5997.1022,-15.1013,-14.4793,1.6667,41.180,81.08,79.96
10866,6220,23068.6304,6532.7963,22275.0714,-6009.2266,-15.1013,-14.7047,1.8333,41.258,78.09,76.94
10887,6232,23111.9827,6545.0732,22319.3214,-6011.6391,-15.0784,-13.9221,1.7500,41.338,79.28,78.17
10907,6244,23157.5901,6557.9887,22362.0714,-6028.2791,-15.0907,-14.2536,1.6667,41.415,77.83,76.77
10929,6256,23201.8449,6570.5212,22406.3214,-6034.1557,-15.0762,-14.4793,1.8333,41.495,79.55,78.37
10948,6268,23244.4596,6582.5893,22445.3214,-6053.2083,-15.0966,-14.4739,1.5833,41.576,80.49,79.47
10970,6280,23291.6112,6595.9421,22491.0714,-6064.6522,-15.0945,-15.0368,1.8333,41.655,79.78,78.63
10991,6292,23334.9646,6608.2193,22535.3214,-6067.0647,-15.0719,-13.9523,1.7500,41.734,78.59,77.44
11012,6304,23381.4732,6621.3901,22578.0714,-6087.1688,-15.0922,-15.0368,1.7500,41.816,82.39,81.28
11033,6316,23424.8268,6633.6674,22622.3214,-6089.5813,-15.0697,-13.9523,1.7500,41.896,79.61,78.50
11054,6328,23471.3351,6646.8381,22665.0714,-6109.6855,-15.0900,-15.0368,1.7500,41.980,83.69,82.59
11075,6340,23514.6891,6659.1155,22709.3214,-6112.0980,-15.0676,-13.8656,1.7500,42.064,84.85,83.70
11096,6352,23561.1971,6672.2860,22752.0714,-6132.2022,-15.0878,-14.4793,1.7500,42.156,91.06,89.93
11117,6364,23604.5515,6684.5636,22796.3214,-6134.6147,-15.0655,-14.4793,1.7500,42.248,92.79,91.64
11136,6376,23647.1647,6696.6312,22835.3214,-6153.6672,-15.0855,-14.4739,1.5833,42.346,97.43,96.33
11158,6388,23693.7694,6709.8291,22880.3214,-6165.7916,-15.0855,-15.0941,1.8333,42.445,98.92,97.71
11180,6400,23740.9212,6723.1820,22926.0714,-6177.2355,-15.0834,-14.4793,1.8333,42.543,98.18,96.99
11200,6412,23784.1786,6735.4321,22968.0714,-6187.6278,-15.0812,-15.0368,1.6667,42.642,98.95,97.75
11221,6424,23829.8822,6748.3749,23013.0714,-6196.2880,-15.0732,-14.2536,1.7500,42.738,96.11,94.94
11242,6436,23874.0407,6760.8801,23055.0714,-6210.1445,-15.0791,-14.4793,1.7500,42.838,99.87,98.70
11264,6448,23920.6454,6774.0781,23100.0714,-6222.2688,-15.0791,-14.4793,1.8333,42.936,98.12,96.91
11285,6460,23964.0011,6786.3560,23144.3214,-6224.6813,-15.0571,-14.4793,1.7500,43.034,98.43,97.23
11306,6472,24010.5076,6799.5261,23187.0714,-6244.7855,-15.0770,-14.7047,1.7500,43.134,99.54,98.34
11327,6484,24053.8636,6811.8041,23231.3214,-6247.1980,-15.0551,-14.4793,1.7500,43.231,97.29,96.05
11348,6496,24099.8457,6824.8257,23273.9286,-6265.8175,-15.0715,-14.3909,1.7500,43.332,100.70,99.53
11369,6508,24143.7262,6837.2522,23318.3214,-6269.7146,-15.0531,-13.9221,1.7500,43.429,97.22,96.04
11390,6520,24189.7080,6850.2738,23360.9286,-6288.3342,-15.0695,-15.0032,1.7500,43.528,98.73,97.52
11411,6532,24233.5887,6862.7004,23405.3214,-6292.2313,-15.0511,-13.9221,1.7500,43.626,98.07,96.84
11430,6544,24276.1998,6874.7674,23444.3214,-6311.2838,-15.0706,-15.0941,1.5833,43.725,99.03,97.94
11452,6556,24323.3518,6888.1203,23490.0714,-6322.7278,-15.0686,-14.4793,1.8333,43.824,98.91,97.70
11473,6568,24366.7092,6900.3987,23534.3214,-6325.1403,-15.0470,-14.4793,1.7500,43.923,99.07,97.90
11494,6580,24413.2141,6913.5684,23577.0714,-6345.2444,-15.0665,-14.4793,1.7500,44.022,99.20,98.04
11515,6592,24456.5718,6925.8469,23621.3214,-6347.6569,-15.0451,-14.4793,1.7500,44.119,97.16,95.96
11536,6604,24503.0765,6939.0165,23664.0714,-6367.7611,-15.0645,-14.4847,1.7500,44.218,98.75,97.54
11557,6616,24546.4345,6951.2950,23708.3214,-6370.1736,-15.0431,-13.8656,1.7500,44.315,97.53,96.33
11578,6628,24592.9388,6964.4646,23751.0714,-6390.2777,-15.0625,-14.4793,1.7500,44.414,98.49,97.27
11598,6640,24636.1965,6976.7147,23793.0714,-6400.6700,-15.0604,-14.4793,1.6667,44.516,101.72,100.55
11620,6652,24682.8013,6989.9127,23838.0714,-6412.7944,-15.0605,-14.7047,1.8333,44.614,98.69,97.43
11641,6664,24726.1599,7002.1914,23882.3214,-6415.2069,-15.0392,-13.9221,1.7500,44.712,97.98,96.80
11661,6676,24771.7639,7015.1060,23925.0714,-6431.8470,-15.0507,-14.2536,1.6667,44.810,97.22,96.08
11683,6688,24816.0227,7027.6396,23969.3214,-6437.7236,-15.0373,-14.4793,1.8333,44.910,99.97,98.75
11702,6700,24858.6317,7039.7060,24008.3214,-6456.7761,-15.0564,-14.4739,1.5833,45.009,99.48,98.37
11724,6712,24905.7840,7053.0591,24054.0714,-6468.2200,-15.0545,-15.0368,1.8333,45.109,99.73,98.52
11745,6724,24949.1436,7065.3380,24098.3214,-6470.6325,-15.0334,-13.9523,1.7500,45.206,97.59,96.41
11766,6736,24995.6465,7078.5072,24141.0714,-6490.7367,-15.0525,-15.0368,1.7500,45.308,102.09,100.93
11787,6748,25039.0064,7090.7863,24185.3214,-6493.1492,-15.0316,-13.9523,1.7500,45.408,99.64,98.45
11808,6760,25085.5091,7103.9553,24228.0714,-6513.2533,-15.0506,-15.0368,1.7500,45.508,99.57,98.42
11829,6772,25128.8693,7116.2345,24272.3214,-6515.6658,-15.0297,-13.8656,1.7500,45.606,98.52,97.31
11850,6784,25175.3716,7129.4035,24315.0714,-6535.7700,-15.0487,-14.4793,1.7500,45.704,97.48,96.33
11871,6796,25218.7322,7141.6827,24359.3214,-6538.1825,-15.0278,-14.4793,1.7500,45.802,97.89,96.73
11890,6808,25261.3398,7153.7488,24398.3214,-6557.2351,-15.0466,-14.4739,1.5833,45.901,99.12,98.00
11912,6820,25307.9445,7166.9468,24443.3214,-6569.3594,-15.0467,-15.0941,1.8333,46.000,98.98,97.73
11934,6832,25355.0969,7180.2998,24489.0714,-6580.8033,-15.0448,-14.4793,1.8333,46.098,98.84,97.61
11954,6844,25398.3549,7192.5500,24531.0714,-6591.1956,-15.0429,-15.0368,1.6667,46.197,98.80,97.62
11975,6856,25444.0607,7205.4934,24576.0714,-6599.8559,-15.0354,-14.2536,1.7500,46.295,97.32,96.14
11996,6868,25488.2176,7217.9982,24618.0714,-6613.7123,-15.0410,-14.4793,1.7500,46.393,98.73,97.57
12018,6880,25534.8223,7231.1962,24663.0714,-6625.8366,-15.0411,-14.4793,1.8333,46.492,98.93,97.73
12039,6892,25578.1840,7243.4758,24707.3214,-6628.2491,-15.0206,-14.4793,1.7500,46.591,98.51,97.34
12060,6904,25624.6850,7256.6444,24750.0714,-6648.3533,-15.0392,-14.7047,1.7500,46.689,98.53,97.36
12081,6916,25668.0470,7268.9240,24794.3214,-6650.7658,-15.0188,-14.4793,1.7500,46.788,98.95,97.79
12102,6928,25714.0246,7281.9444,24836.9286,-6669.3854,-15.0343,-14.3909,1.7500,46.886,97.36,96.22
12123,6940,25757.9100,7294.3723,24881.3214,-6673.2825,-15.0170,-13.9221,1.7500,46.984,98.29,97.10
12144,6952,25803.8875,7307.3926,24923.9286,-6691.9020,-15.0324,-15.0032,1.7500,47.081,96.93,95.74
12165,6964,25847.7731,7319.8206,24968.3214,-6695.7991,-15.0153,-13.9221,1.7500,47.178,96.98,95.82
12184,6976,25890.3789,7331.8861,25007.3214,-6714.8517,-15.0336,-15.0941,1.5833,47.275,97.43,96.35
12206,6988,25937.5315,7345.2392,25053.0714,-6726.2956,-15.0318,-14.4793,1.8333,47.373,97.48,96.30
12227,7000,25980.8946,7357.5192,25097.3214,-6728.7081,-15.0116,-14.4793,1.7500,47.469,96.41,95.25
12248,7012,26027.3943,7370.6875,25140.0714,-6748.8123,-15.0300,-14.4793,1.7500,47.568,99.31,98.06
12269,7024,26070.7578,7382.9675,25184.3214,-6751.2248,-15.0099,-14.4793,1.7500,47.669,100.40,99.21
12290,7036,26117.2572,7396.1357,25227.0714,-6771.3289,-15.0282,-14.4847,1.7500,47.766,97.32,96.17
12311,7048,26160.6209,7408.4158,25271.3214,-6773.7414,-15.0082,-13.8656,1.7500,47.862,96.10,94.95
12332,7060,26207.1201,7421.5839,25314.0714,-6793.8456,-15.0265,-14.4793,1.7500,47.960,97.32,96.18
12352,7072,26250.3784,7433.8342,25356.0714,-6804.2379,-15.0246,-14.4793,1.6667,48.057,97.75,96.62
12374,7084,26296.9831,7447.0322,25401.0714,-6816.3622,-15.0247,-14.7047,1.8333,48.155,97.18,95.97
12395,7096,26340.3473,7459.3125,25445.3214,-6818.7747,-15.0048,-13.9221,1.7500,48.251,96.83,95.69
12415,7108,26385.9483,7472.2262,25488.0714,-6835.4148,-15.0157,-14.2536,1.6667,48.347,95.35,94.24
12437,7120,26430.2106,7484.7608,25532.3214,-6841.2914,-15.0031,-14.4793,1.8333,48.444,96.86,95.68
12456,7132,26472.8146,7496.8258,25571.3214,-6860.3440,-15.0211,-14.4739,1.5833,48.542,98.28,97.16
12478,7144,26519.9673,7510.1790,25617.0714,-6871.7879,-15.0194,-15.0368,1.8333,48.640,97.99,96.81
12499,7156,26563.3324,7522.4596,25661.3214,-6874.2004,-14.9997,-13.9523,1.7500,48.737,97.00,95.82
12520,7168,26609.8304,7535.6273,25704.0714,-6894.3045,-15.0176,-15.0368,1.7500,48.837,100.56,99.38
12541,7180,26653.1957,7547.9079,25748.3214,-6896.7170,-14.9980,-13.9523,1.7500,48.933,95.81,94.65
12562,7192,26699.6934,7561.0756,25791.0714,-6916.8212,-15.0159,-15.0368,1.7500,49.031,97.88,96.69
12583,7204,26743.0591,7573.3563,25835.3214,-6919.2337,-14.9964,-13.8656,1.7500,49.128,96.46,95.19
12604,7216,26789.5565,7586.5239,25878.0714,-6939.3378,-15.0142,-14.4793,1.7500,49.226,98.37,97.23
12625,7228,26832.9224,7598.8046,25922.3214,-6941.7503,-14.9947,-14.4793,1.7500,49.322,96.44,95.24
12644,7240,26875.5252,7610.8693,25961.3214,-6960.8029,-15.0125,-14.4739,1.5833,49.420,97.71,96.63
12666,7252,26922.1299,7624.0673,26006.3214,-6972.9273,-15.0126,-15.0941,1.8333,49.518,97.48,96.26
12688,7264,26969.2827,7637.4205,26052.0714,-6984.3712,-15.0109,-14.4793,1.8333,49.615,97.16,95.99
12709,7276,27012.6492,7649.7014,26096.3214,-6986.7837,-14.9915,-14.4793,1.7500,49.711,96.73,95.54
12730,7288,27059.1459,7662.8688,26139.0714,-7006.8878,-15.0092,-14.4793,1.7500,49.808,96.84,95.71
12751,7300,27102.5126,7675.1498,26183.3214,-7009.3003,-14.9899,-13.9221,1.7500,49.906,98.07,96.91
12772,7312,27149.0091,7688.3171,26226.0714,-7029.4045,-15.0076,-14.4793,1.7500,50.003,96.98,95.82
12793,7324,27192.3760,7700.5982,26270.3214,-7031.8170,-14.9883,-14.4793,1.7500,50.101,97.27,96.11
12813,7336,27237.9755,7713.5115,26313.0714,-7048.4570,-14.9989,-14.4793,1.6667,50.197,96.18,95.07
12835,7348,27282.2395,7726.0465,26357.3214,-7054.3336,-14.9868,-14.4793,1.8333,50.294,97.22,96.06
12856,7360,27328.2132,7739.0658,26399.9286,-7072.9532,-15.0014,-14.3909,1.7500,50.390,95.72,94.58
12877,7372,27372.1029,7751.4949,26444.3214,-7076.8503,-14.9852,-13.9221,1.7500,50.486,96.68,95.48
12896,7384,27414.7043,7763.5592,26483.3214,-7095.9029,-15.0026,-15.0941,1.5833,50.584,97.19,96.12
12916,7396,27457.4998,7775.6784,26525.1071,-7105.3054,-14.9990,-14.4128,1.6667,50.681,97.68,96.57
12938,7408,27504.5676,7789.0076,26570.3214,-7118.4195,-15.0010,-15.0941,1.8333,50.779,97.24,96.07
12960,7420,27551.7206,7802.3608,26616.0714,-7129.8634,-14.9993,-14.4793,1.8333,50.876,96.99,95.82
12981,7432,27595.0888,7814.6422,26660.3214,-7132.2759,-14.9804,-14.4793,1.7500,50.971,95.95,94.81
13002,7444,27641.5839,7827.8092,26703.0714,-7152.3801,-14.9978,-14.4793,1.7500,51.069,97.14,96.00
13023,7456,27684.9524,7840.0907,26747.3214,-7154.7926,-14.9789,-14.4793,1.7500,51.165,96.86,95.67
13044,7468,27731.4472,7853.2575,26790.0714,-7174.8968,-14.9962,-14.4847,1.7500,51.263,97.28,96.14
13065,7480,27774.8159,7865.5391,26834.3214,-7177.3093,-14.9774,-13.8656,1.7500,51.359,96.29,95.14
13086,7492,27821.3106,7878.7059,26877.0714,-7197.4134,-14.9946,-14.4793,1.7500,51.457,97.49,96.28
13106,7504,27864.5693,7890.9563,26919.0714,-7207.8057,-14.9929,-15.0368,1.6667,51.554,97.79,96.67
13128,7516,27911.1739,7904.1543,26964.0714,-7219.9301,-14.9930,-14.4793,1.8333,51.652,98.11,96.90
13149,7528,27954.5432,7916.4360,27008.3214,-7222.3426,-14.9744,-14.4793,1.7500,51.750,97.78,96.62
13169,7540,28000.1414,7929.3489,27051.0714,-7238.9826,-14.9847,-14.2536,1.6667,51.846,95.49,94.38
13191,7552,28044.4068,7941.8844,27095.3214,-7244.8592,-14.9729,-14.4793,1.8333,51.943,97.66,96.50
13210,7564,28087.0064,7953.9482,27134.3214,-7263.9118,-14.9899,-14.7003,1.5833,52.041,97.60,96.53
13232,7576,28134.1595,7967.3014,27180.0714,-7275.3557,-14.9883,-15.0368,1.8333,52.140,98.62,97.42
13253,7588,28177.5295,7979.5834,27224.3214,-7277.7682,-14.9698,-13.9523,1.7500,52.235,95.68,94.53
13274,7600,28224.0230,7992.7498,27267.0714,-7297.8724,-14.9868,-15.0368,1.7500,52.335,100.20,99.06
13295,7612,28267.3932,8005.0318,27311.3214,-7300.2849,-14.9683,-13.8656,1.7500,52.433,97.12,95.91
13316,7624,28313.8864,8018.1982,27354.0714,-7320.3890,-14.9852,-14.5453,1.7500,52.531,98.64,97.48
13337,7636,28357.2569,8030.4803,27398.3214,-7322.8015,-14.9668,-13.8656,1.7500,52.629,97.83,96.63
13358,7648,28403.7499,8043.6467,27441.0714,-7342.9057,-14.9837,-14.4793,1.7500,52.726,97.29,96.15
13379,7660,28447.1206,8055.9288,27485.3214,-7345.3182,-14.9654,-14.4793,1.7500,52.822,95.95,94.80
13398,7672,28489.7191,8067.9922,27524.3214,-7364.3707,-14.9822,-14.4739,1.5833,52.920,97.93,96.84
13420,7684,28536.3237,8081.1902,27569.3214,-7376.4951,-14.9823,-15.0941,1.8333,53.018,97.50,96.30
13442,7696,28583.4770,8094.5435,27615.0714,-7387.9390,-14.9808,-14.4793,1.8333,53.115,97.54,96.33
13463,7708,28626.8481,8106.8257,27659.3214,-7390.3515,-14.9625,-14.4793,1.7500,53.212,96.44,95.27
13484,7720,28673.3405,8119.9919,27702.0714,-7410.4557,-14.9793,-14.4793,1.7500,53.309,96.96,95.80
13505,7732,28716.7119,8132.2742,27746.3214,-7412.8682,-14.9611,-13.9221,1.7500,53.405,96.70,95.52
13526,7744,28763.2041,8145.4403,27789.0714,-7432.9723,-14.9778,-14.4793,1.7500,53.502,96.99,95.83
13547,7756,28806.5757,8157.7227,27833.3214,-7435.3848,-14.9597,-14.4793,1.7500,53.600,98.10,96.93
13567,7768,28852.1727,8170.6353,27876.0714,-7452.0249,-14.9697,-14.4793,1.6667,53.698,97.39,96.26
13589,7780,28896.4395,8183.1712,27920.3214,-7457.9015,-14.9583,-14.4793,1.8333,53.795,97.27,96.08
13610,7792,28942.4097,8196.1895,27962.9286,-7476.5210,-14.9722,-14.3909,1.7500,53.891,95.89,94.75
13631,7804,28986.3033,8208.6197,28007.3214,-7480.4181,-14.9569,-13.9221,1.7500,53.989,97.71,96.57
13650,7816,29028.9005,8220.6828,28046.3214,-7499.4707,-14.9734,-15.0941,1.5833,54.086,97.72,96.62
13670,7828,29071.6968,8232.8023,28088.1071,-7508.8733,-14.9700,-14.4128,1.6667,54.185,98.23,97.04
13692,7840,29118.7642,8246.1313,28133.3214,-7521.9874,-14.9720,-15.0941,1.8333,54.282,97.60,96.40
13714,7852,29165.9176,8259.4846,28179.0714,-7533.4313,-14.9705,-14.4793,1.8333,54.380,97.34,96.11
13735,7864,29209.2903,8271.7673,28223.3214,-7535.8438,-14.9526,-14.4793,1.7500,54.476,96.67,95.48
13756,7876,29255.7812,8284.9331,28266.0714,-7555.9479,-14.9691,-14.4793,1.7500,54.574,97.54,96.38
13777,7888,29299.1542,8297.2158,28310.3214,-7558.3604,-14.9513,-14.4793,1.7500,54.670,96.49,95.34
13798,7900,29345.6449,8310.3815,28353.0714,-7578.4646,-14.9677,-14.4847,1.7500,54.768,97.21,96.07
13819,7912,29389.0181,8322.6644,28397.3214,-7580.8771,-14.9499,-13.8656,1.7500,54.864,96.14,95.00
13840,7924,29435.5087,8335.8300,28440.0714,-7600.9813,-14.9663,-14.4793,1.7500,54.961,96.86,95.73
13860,7936,29478.7678,8348.0805,28482.0714,-7611.3736,-14.9647,-15.0368,1.6667,55.058,97.86,96.75
13882,7948,29525.3724,8361.2785,28527.0714,-7623.4979,-14.9649,-14.4793,1.8333,55.156,97.27,96.08
13903,7960,29568.7460,8373.5614,28571.3214,-7625.9104,-14.9472,-14.4793,1.7500,55.252,96.56,95.43
13924,7972,29615.2361,8386.7270,28614.0714,-7646.0146,-14.9635,-14.4793,1.7500,55.350,97.74,96.55
13945,7984,29658.6100,8399.0100,28658.3214,-7648.4271,-14.9459,-14.4793,1.7500,55.448,97.73,96.54
13966,7996,29704.5786,8412.0278,28700.9286,-7667.0466,-14.9594,-14.6106,1.7500,55.544,96.39,95.26
13987,8008,29748.4739,8424.4585,28745.3214,-7670.9437,-14.9446,-14.4793,1.7500,55.641,96.55,95.41
14008,8020,29794.4424,8437.4763,28787.9286,-7689.5633,-14.9581,-14.4793,1.7500,55.737,95.94,94.81
14029,8032,29838.3379,8449.9071,28832.3214,-7693.4604,-14.9433,-14.4793,1.7500,55.833,96.36,95.23
14048,8044,29880.9331,8461.9696,28871.3214,-7712.5130,-14.9593,-14.4793,1.5833,55.930,97.36,96.28
14070,8056,29928.0867,8475.3230,28917.0714,-7723.9569,-14.9579,-14.5453,1.8333,56.028,97.34,96.13
14091,8068,29971.4614,8487.6062,28961.3214,-7726.3694,-14.9405,-13.8656,1.7500,56.124,96.02,94.85
14110,8080,30014.0562,8499.6686,29000.3214,-7745.4219,-14.9564,-14.4739,1.5833,56.221,97.12,96.05
14130,8092,30057.3154,8511.9192,29042.3214,-7755.8142,-14.9549,-15.0339,1.6667,56.318,96.86,95.72
14152,8104,30103.9200,8525.1171,29087.3214,-7767.9386,-14.9551,-14.4739,1.8333,56.415,97.26,96.08
14174,8116,30150.5246,8538.3151,29132.3214,-7780.0629,-14.9553,-15.0941,1.8333,56.513,97.66,96.42
14196,8128,30197.6783,8551.6685,29178.0714,-7791.5068,-14.9539,-14.4793,1.8333,56.609,96.89,95.70
14217,8140,30241.0536,8563.9519,29222.3214,-7793.9193,-14.9367,-14.4793,1.7500,56.706,96.31,95.17
14238,8152,30287.5421,8577.1170,29265.0714,-7814.0235,-14.9526,-14.4793,1.7500,56.803,97.44,96.29
14259,8164,30330.9177,8589.4005,29309.3214,-7816.4360,-14.9354,-13.9221,1.7500,56.900,96.65,95.49
14280,8176,30377.4060,8602.5655,29352.0714,-7836.5402,-14.9512,-14.4793,1.7500,56.997,96.85,95.72
14301,8188,30420.7818,8614.8491,29396.3214,-7838.9527,-14.9341,-14.4793,1.7500,57.094,96.80,95.64
14321,8200,30466.3765,8627.7610,29439.0714,-7855.5927,-14.9437,-14.2536,1.6667,57.191,97.79,96.59
14343,8212,30510.6459,8640.2977,29483.3214,-7861.4693,-14.9329,-14.4793,1.8333,57.288,96.83,95.61
14364,8224,30556.6129,8653.3151,29525.9286,-7880.0889,-14.9460,-14.4793,1.7500,57.384,95.66,94.50
14385,8236,30600.5100,8665.7463,29570.3214,-7883.9860,-14.9316,-14.4793,1.7500,57.481,96.79,95.63
14404,8248,30643.1035,8677.8083,29609.3214,-7903.0385,-14.9473,-14.5685,1.5833,57.579,98.06,96.97
14424,8260,30685.9006,8689.9280,29651.1071,-7912.4411,-14.9441,-14.9731,1.6667,57.677,98.06,96.93
14446,8272,30732.9674,8703.2568,29696.3214,-7925.5552,-14.9460,-14.4793,1.8333,57.774,97.22,96.03
14468,8284,30780.1212,8716.6103,29742.0714,-7936.9991,-14.9446,-14.4793,1.8333,57.871,97.11,95.92
14489,8296,30823.4979,8728.8941,29786.3214,-7939.4116,-14.9277,-14.4793,1.7500,57.967,95.93,94.78
14510,8308,30869.9852,8742.0588,29829.0714,-7959.5158,-14.9434,-14.4847,1.7500,58.064,97.19,96.05
14531,8320,30913.3621,8754.3427,29873.3214,-7961.9283,-14.9265,-13.9300,1.7500,58.161,96.68,95.50
14552,8332,30959.8492,8767.5074,29916.0714,-7982.0324,-14.9421,-14.4847,1.7500,58.258,97.14,95.97
14573,8344,31003.2263,8779.7913,29960.3214,-7984.4449,-14.9253,-13.8656,1.7500,58.354,96.31,95.14
14594,8356,31049.7132,8792.9559,30003.0714,-8004.5491,-14.9409,-14.4793,1.7500,58.452,97.87,96.69
14614,8368,31092.9727,8805.2066,30045.0714,-8014.9414,-14.9394,-15.0368,1.6667,58.555,102.68,101.50
14636,8380,31139.5772,8818.4045,30090.0714,-8027.0657,-14.9396,-14.4793,1.8333,58.656,101.18,99.88
14657,8392,31182.9548,8830.6886,30134.3214,-8029.4782,-14.9229,-14.4793,1.7500,58.758,102.30,101.08
14678,8404,31229.4413,8843.8531,30177.0714,-8049.5824,-14.9384,-14.4793,1.7500,58.865,106.55,105.28
14699,8416,31272.8190,8856.1372,30221.3214,-8051.9949,-14.9217,-14.4793,1.7500,58.964,99.55,98.34
14720,8428,31318.7847,8869.1542,30263.9286,-8070.6145,-14.9346,-14.6106,1.7500,59.065,100.55,99.28
14741,8440,31362.6833,8881.5858,30308.3214,-8074.5116,-14.9206,-14.4793,1.7500,59.197,131.76,130.51
14762,8452,31408.6488,8894.6028,30350.9286,-8093.1311,-14.9334,-14.4793,1.7500,59.327,130.61,129.32
14783,8464,31452.5476,8907.0344,30395.3214,-8097.0282,-14.9194,-14.4793,1.7500,59.469,142.11,140.86
14802,8476,31495.1392,8919.0960,30434.3214,-8116.0808,-14.9346,-14.4793,1.5833,59.616,146.84,145.66
14824,8488,31542.2931,8932.4494,30480.0714,-8127.5247,-14.9333,-14.5453,1.8333,59.751,134.75,133.44
14845,8500,31585.6716,8944.7338,30524.3214,-8129.9372,-14.9168,-13.8656,1.7500,59.888,137.22,135.96
14864,8512,31628.2629,8956.7952,30563.3214,-8148.9898,-14.9320,-14.4739,1.5833,60.082,194.19,193.00
14884,8524,31671.5225,8969.0459,30605.3214,-8159.3821,-14.9306,-15.0339,1.6667,60.265,182.36,181.12
14906,8536,31718.1270,8982.2438,30650.3214,-8171.5064,-14.9308,-14.4739,1.8333,60.388,123.05,121.73
14928,8548,31764.7316,8995.4417,30695.3214,-8183.6308,-14.9310,-15.0941,1.8333,60.510,122.62,121.29
14950,8560,31811.8855,9008.7952,30741.0714,-8195.0747,-14.9297,-14.4793,1.8333,60.690,179.82,178.51
14971,8572,31855.2646,9021.0797,30785.3214,-8197.4872,-14.9134,-14.4793,1.7500,60.845,154.61,131.55
14992,8584,31901.7497,9034.2438,30828.0714,-8217.5913,-14.9285,-14.4793,1.7500,61.028,183.56,182.30
15013,8596,31945.1289,9046.5284,30872.3214,-8220.0038,-14.9123,-13.9221,1.7500,61.152,123.26,115.18
15034,8608,31991.6139,9059.6924,30915.0714,-8240.1080,-14.9274,-14.4793,1.7500,61.272,120.18,111.00
15055,8620,32034.9933,9071.9770,30959.3214,-8242.5205,-14.9111,-14.4793,1.7500,61.374,102.37,101.13
15075,8632,32080.5860,9084.8884,31002.0714,-8259.1606,-14.9202,-14.2536,1.6667,61.476,102.13,100.91
15097,8644,32124.8577,9097.4257,31046.3214,-8265.0372,-14.9100,-14.4793,1.8333,61.577,101.05,99.80
15118,8656,32170.8219,9110.4423,31088.9286,-8283.6567,-14.9225,-14.4793,1.7500,61.677,99.24,98.03
15139,8668,32214.7221,9122.8743,31133.3214,-8287.5538,-14.9089,-14.4793,1.7500,61.777,100.45,99.25
15158,8680,32257.3122,9134.9354,31172.3214,-8306.6064,-14.9238,-14.5685,1.5833,61.882,104.48,103.32
15178,8692,32300.1099,9147.0553,31214.1071,-8316.0089,-14.9208,-14.9731,1.6667,61.981,99.62,98.37
15200,8704,32347.1764,9160.3840,31259.3214,-8329.1230,-14.9226,-14.4793,1.8333,62.079,97.58,96.38
15222,8716,32394.3304,9173.7376,31305.0714,-8340.5669,-14.9214,-14.4793,1.8333,62.181,102.02,100.76
15243,8728,32437.7108,9186.0224,31349.3214,-8342.9794,-14.9053,-14.4793,1.7500,62.281,99.81,98.59
15264,8740,32484.1947,9199.1862,31392.0714,-8363.0836,-14.9202,-14.4847,1.7500,62.381,100.76,99.53
15285,8752,32527.5752,9211.4711,31436.3214,-8365.4961,-14.9043,-13.9300,1.7500,62.482,100.57,99.34
15306,8764,32574.0590,9224.6348,31479.0714,-8385.6003,-14.9191,-14.4847,1.7500,62.582,100.48,99.28
15327,8776,32617.4397,9236.9198,31523.3214,-8388.0128,-14.9032,-13.8656,1.7500,62.682,99.21,98.01
15348,8788,32663.9233,9250.0834,31566.0714,-8408.1169,-14.9180,-14.4793,1.7500,62.783,100.94,99.74
15368,8800,32707.1830,9262.3342,31608.0714,-8418.5092,-14.9166,-15.0368,1.6667,62.884,101.36,100.14
15390,8812,32753.7876,9275.5321,31653.0714,-8430.6336,-14.9168,-14.4793,1.8333,63.001,116.86,115.56
15411,8824,32797.1686,9287.8171,31697.3214,-8433.0461,-14.9010,-14.4793,1.7500,63.149,147.73,146.50
15432,8836,32843.6519,9300.9807,31740.0714,-8453.1502,-14.9157,-14.4793,1.7500,63.260,111.00,109.78
15453,8848,32887.0331,9313.2658,31784.3214,-8455.5627,-14.8999,-14.4793,1.7500,63.378,118.81,117.58
15474,8860,32932.9961,9326.2821,31826.9286,-8474.1823,-14.9122,-14.6106,1.7500,63.531,152.16,150.93
15495,8872,32976.8976,9338.7145,31871.3214,-8478.0794,-14.8989,-14.4793,1.7500,63.646,115.40,114.16
15516,8884,33022.8604,9351.7307,31913.9286,-8496.6990,-14.9111,-14.4793,1.7500,63.780,134.02,130.43
15537,8896,33066.7621,9364.1632,31958.3214,-8500.5961,-14.8978,-14.4793,1.7500,63.903,122.68,120.32
15556,8908,33109.3506,9376.2238,31997.3214,-8519.6486,-14.9123,-14.4793,1.5833,64.001,98.78,97.66
15578,8920,33156.5047,9389.5774,32043.0714,-8531.0925,-14.9111,-14.5453,1.8333,64.099,97.33,96.12
15599,8932,33199.8867,9401.8627,32087.3214,-8533.5050,-14.8955,-13.8656,1.7500,64.195,95.98,94.76
15618,8944,33242.4748,9413.9232,32126.3214,-8552.5576,-14.9099,-14.4739,1.5833,64.293,98.43,97.35
15638,8956,33285.7347,9426.1740,32168.3214,-8562.9499,-14.9086,-15.0339,1.6667,64.390,97.03,95.89
15660,8968,33332.3392,9439.3719,32213.3214,-8575.0743,-14.9089,-14.4739,1.8333,64.488,97.32,96.12
15682,8980,33378.9437,9452.5698,32258.3214,-8587.1986,-14.9091,-15.0941,1.8333,64.585,97.55,96.35
15704,8992,33426.0979,9465.9234,32304.0714,-8598.6425,-14.9079,-14.4793,1.8333,64.682,97.20,96.01
15725,9004,33469.4803,9478.2088,32348.3214,-8601.0550,-14.8924,-14.4793,1.7500,64.778,96.23,95.07
15746,9016,33515.9623,9491.3720,32391.0714,-8621.1592,-14.9068,-14.4793,1.7500,64.875,96.95,95.80
15767,9028,33559.3449,9503.6575,32435.3214,-8623.5717,-14.8914,-13.9221,1.7500,64.972,96.60,95.41
15788,9040,33605.8267,9516.8207,32478.0714,-8643.6758,-14.9057,-14.4793,1.7500,65.069,96.91,95.78
15809,9052,33649.2095,9529.1063,32522.3214,-8646.0883,-14.8903,-14.4793,1.7500,65.166,97.02,95.82
15829,9064,33694.8003,9542.0171,32565.0714,-8662.7284,-14.8990,-14.2536,1.6667,65.262,96.25,95.14
15851,9076,33739.0741,9554.5550,32609.3214,-8668.6050,-14.8893,-14.4793,1.8333,65.359,96.91,95.70
15872,9088,33785.0358,9567.5708,32651.9286,-8687.2245,-14.9013,-14.4793,1.7500,65.455,96.05,94.92
15893,9100,33828.9387,9580.0037,32696.3214,-8691.1217,-14.8883,-14.4793,1.7500,65.552,96.39,95.25
15914,9112,33874.9002,9593.0195,32738.9286,-8709.7412,-14.9002,-14.4793,1.7500,65.648,96.32,95.13
15935,9124,33918.8033,9605.4524,32783.3214,-8713.6383,-14.8873,-14.4793,1.7500,65.744,96.19,95.04
15956,9136,33964.7647,9618.4682,32825.9286,-8732.2579,-14.8992,-14.3909,1.7500,65.840,95.95,94.80
15977,9148,34008.6680,9630.9012,32870.3214,-8736.1550,-14.8863,-13.9221,1.7500,65.936,95.54,94.42
15998,9160,34054.6292,9643.9169,32912.9286,-8754.7745,-14.8982,-15.0032,1.7500,66.032,96.11,94.97
16018,9172,34098.4090,9656.3149,32955.0714,-8766.6514,-14.8993,-14.4847,1.6667,66.129,97.64,96.43
16039,9184,34141.7928,9668.6007,32999.3214,-8769.0639,-14.8841,-13.9300,1.7500,66.226,96.88,95.69
16060,9196,34188.2735,9681.7636,33042.0714,-8789.1681,-14.8982,-14.4847,1.7500,66.323,96.99,95.85
16080,9208,34231.5335,9694.0144,33084.0714,-8799.5604,-14.8970,-14.4225,1.6667,66.421,97.30,96.14
16101,9220,34277.2476,9706.9601,33129.0714,-8808.2207,-14.8916,-14.2536,1.7500,66.516,95.32,94.16
16122,9232,34321.3981,9719.4631,33171.0714,-8822.0771,-14.8960,-15.0368,1.7500,66.613,97.62,96.49
16144,9244,34368.0026,9732.6610,33216.0714,-8834.2014,-14.8962,-14.4793,1.8333,66.710,96.90,95.70
16165,9256,34411.3868,9744.9470,33260.3214,-8836.6139,-14.8812,-14.4793,1.7500,66.807,96.48,95.34
16186,9268,34457.8671,9758.1097,33303.0714,-8856.7181,-14.8952,-14.4793,1.7500,66.905,98.17,96.98
16207,9280,34501.2515,9770.3957,33347.3214,-8859.1306,-14.8802,-14.4793,1.7500,67.003,98.39,97.21
16228,9292,34547.2120,9783.4112,33389.9286,-8877.7501,-14.8919,-14.6106,1.7500,67.102,98.15,96.94
16249,9304,34591.1162,9795.8445,33434.3214,-8881.6472,-14.8792,-14.4793,1.7500,67.201,99.16,97.96
16270,9316,34637.0766,9808.8600,33476.9286,-8900.2668,-14.8909,-14.4793,1.7500,67.300,98.88,97.66
16291,9328,34680.9809,9821.2932,33521.3214,-8904.1639,-14.8783,-14.4793,1.7500,67.400,99.96,98.75
16310,9340,34723.5665,9833.3530,33560.3214,-8923.2165,-14.8921,-14.5685,1.5833,67.500,100.77,99.65
16332,9352,34770.7209,9846.7066,33606.0714,-8934.6604,-14.8910,-15.0368,1.8333,67.601,100.81,99.56
16353,9364,34814.1059,9858.9928,33650.3214,-8937.0729,-14.8761,-13.9523,1.7500,67.701,99.65,98.47
16372,9376,34856.6912,9871.0525,33689.3214,-8956.1254,-14.8899,-15.0339,1.5833,67.802,101.32,100.16
16392,9388,34899.9513,9883.3033,33731.3214,-8966.5177,-14.8887,-14.5061,1.6667,67.903,100.87,99.69
16414,9400,34946.5558,9896.5012,33776.3214,-8978.6421,-14.8889,-14.4739,1.8333,68.004,101.34,100.09
16436,9412,34993.1602,9909.6991,33821.3214,-8990.7664,-14.8892,-15.0941,1.8333,68.106,101.39,100.12
16458,9424,35040.3147,9923.0528,33867.0714,-9002.2104,-14.8881,-14.4793,1.8333,68.207,101.22,99.95
16479,9436,35083.7002,9935.3391,33911.3214,-9004.6229,-14.8733,-13.9221,1.7500,68.307,100.37,99.15
16500,9448,35130.1793,9948.5015,33954.0714,-9024.7270,-14.8871,-14.7047,1.7500,68.409,101.49,100.25
16521,9460,35173.5650,9960.7879,33998.3214,-9027.1395,-14.8724,-13.9221,1.7500,68.510,100.94,99.73
16542,9472,35220.0439,9973.9502,34041.0714,-9047.2437,-14.8861,-14.4793,1.7500,68.611,101.13,99.89
16563,9484,35263.4298,9986.2367,34085.3214,-9049.6562,-14.8714,-14.4793,1.7500,68.712,101.26,100.04
16583,9496,35309.0189,9999.1470,34128.0714,-9066.2962,-14.8797,-14.2536,1.6667,68.812,100.32,99.17
16605,9508,35353.2945,10011.6854,34172.3214,-9072.1728,-14.8705,-14.4793,1.8333,68.913,100.66,99.45
16626,9520,35399.2538,10024.7006,34214.9286,-9090.7924,-14.8820,-14.4793,1.7500,69.013,99.90,98.71
16647,9532,35443.1593,10037.1342,34259.3214,-9094.6895,-14.8696,-14.4793,1.7500,69.115,102.08,100.81
16668,9544,35489.1185,10050.1494,34301.9286,-9113.3090,-14.8810,-14.4793,1.7500,69.217,101.44,100.21
16689,9556,35533.0241,10062.5830,34346.3214,-9117.2062,-14.8687,-14.4793,1.7500,69.317,100.27,99.07
16710,9568,35578.9832,10075.5981,34388.9286,-9135.8257,-14.8801,-14.3909,1.7500,69.418,101.01,99.82
16731,9580,35622.8890,10088.0318,34433.3214,-9139.7228,-14.8678,-13.9221,1.7500,69.517,99.64,98.44
16752,9592,35668.8479,10101.0469,34475.9286,-9158.3424,-14.8791,-15.0032,1.7500,69.617,99.83,98.66
16772,9604,35712.6275,10113.4448,34518.0714,-9170.2193,-14.8802,-14.4847,1.6667,69.718,101.01,99.86
16793,9616,35756.0142,10125.7315,34562.3214,-9172.6318,-14.8657,-13.9300,1.7500,69.818,99.98,98.79
16814,9628,35802.4922,10138.8935,34605.0714,-9192.7359,-14.8793,-14.4847,1.7500,69.919,100.70,99.49
16834,9640,35845.7525,10151.1444,34647.0714,-9203.1282,-14.8781,-14.4225,1.6667,70.020,101.24,100.08
16855,9652,35891.4676,10164.0904,34692.0714,-9211.7885,-14.8730,-14.2536,1.7500,70.120,99.35,98.12
16876,9664,35935.6172,10176.5931,34734.0714,-9225.6449,-14.8772,-15.0368,1.7500,70.222,102.16,100.93
16898,9676,35982.2216,10189.7910,34779.0714,-9237.7693,-14.8774,-14.4793,1.8333,70.324,102.47,101.21
16919,9688,36025.6088,10202.0778,34823.3214,-9240.1818,-14.8631,-14.4793,1.7500,70.426,101.67,100.42
16940,9700,36072.0863,10215.2398,34866.0714,-9260.2859,-14.8765,-14.4793,1.7500,70.530,104.11,102.89
16961,9712,36115.4736,10227.5266,34910.3214,-9262.6984,-14.8622,-14.4793,1.7500,70.633,102.72,101.43
16982,9724,36161.4319,10240.5415,34952.9286,-9281.3180,-14.8734,-14.6106,1.7500,70.735,102.02,100.78
17003,9736,36205.3385,10252.9754,34997.3214,-9285.2151,-14.8613,-14.4793,1.7500,70.836,100.99,99.79
17024,9748,36251.2967,10265.9903,35039.9286,-9303.8346,-14.8725,-14.4793,1.7500,70.936,99.86,98.68
17045,9760,36295.2034,10278.4242,35084.3214,-9307.7317,-14.8605,-14.4793,1.7500,71.036,100.35,99.17
17064,9772,36337.7863,10290.4833,35123.3214,-9326.7843,-14.8737,-14.5685,1.5833,71.138,101.64,100.45
17086,9784,36384.9409,10303.8370,35169.0714,-9338.2282,-14.8726,-15.0368,1.8333,71.239,101.02,99.77
17107,9796,36428.3288,10316.1240,35213.3214,-9340.6407,-14.8584,-13.9523,1.7500,71.340,101.48,100.21
17128,9808,36474.8057,10329.2857,35256.0714,-9360.7449,-14.8717,-15.0368,1.7500,71.441,101.41,100.15
17149,9820,36518.1937,10341.5728,35300.3214,-9363.1574,-14.8576,-13.9523,1.7500,71.541,100.06,98.85
17170,9832,36564.6705,10354.7345,35343.0714,-9383.2615,-14.8709,-14.4793,1.7500,71.644,102.86,101.65
17191,9844,36608.0587,10367.0216,35387.3214,-9385.6740,-14.8567,-14.4793,1.7500,71.746,101.77,100.55
17212,9856,36654.5353,10380.1833,35430.0714,-9405.7782,-14.8700,-14.4793,1.7500,71.847,100.95,99.76
17232,9868,36697.7957,10392.4342,35472.0714,-9416.1705,-14.8688,-14.4793,1.6667,71.949,101.63,100.47
17254,9880,36744.4001,10405.6321,35517.0714,-9428.2949,-14.8691,-14.7047,1.8333,72.049,100.66,99.38
17275,9892,36787.7885,10417.9192,35561.3214,-9430.7074,-14.8550,-13.9221,1.7500,72.150,101.01,99.77
17295,9904,36833.3762,10430.8292,35604.0714,-9447.3474,-14.8630,-14.2536,1.6667,72.250,99.47,98.30
17317,9916,36877.6535,10443.3680,35648.3214,-9453.2240,-14.8542,-14.4793,1.8333,72.350,100.64,99.43
17336,9928,36920.2354,10455.4268,35687.3214,-9472.2766,-14.8673,-14.4739,1.5833,72.452,101.47,100.35
17358,9940,36967.3901,10468.7805,35733.0714,-9483.7205,-14.8662,-15.0368,1.8333,72.554,101.89,100.65
17379,9952,37010.7790,10481.0678,35777.3214,-9486.1330,-14.8523,-13.9523,1.7500,72.655,101.22,99.99
17400,9964,37057.2550,10494.2293,35820.0714,-9506.2371,-14.8654,-15.0368,1.7500,72.760,104.49,103.30
17421,9976,37100.6440,10506.5166,35864.3214,-9508.6496,-14.8514,-13.9523,1.7500,72.859,99.51,98.30
17442,9988,37147.1198,10519.6781,35907.0714,-9528.7538,-14.8645,-15.0368,1.7500,72.960,101.15,99.98
17463,10000,37190.5090,10531.9655,35951.3214,-9531.1663,-14.8506,-13.8656,1.7500,73.059,98.62,97.39
17484,10012,37236.9847,10545.1269,35994.0714,-9551.2705,-14.8636,-14.4793,1.7500,73.159,99.68,98.47
17505,10024,37280.3740,10557.4143,36038.3214,-9553.6830,-14.8498,-14.4793,1.7500,73.255,96.93,95.75
17524,10036,37322.9553,10569.4729,36077.3214,-9572.7355,-14.8627,-14.4739,1.5833,73.355,99.48,98.36
17546,10048,37369.5597,10582.6707,36122.3214,-9584.8599,-14.8630,-15.0941,1.8333,73.453,97.86,96.66
17568,10060,37416.7144,10596.0245,36168.0714,-9596.3038,-14.8619,-14.4793,1.8333,73.549,96.69,95.50
17588,10072,37459.9749,10608.2754,36210.0714,-9606.6961,-14.8608,-15.0368,1.6667,73.647,97.65,96.52
17609,10084,37505.6910,10621.2217,36255.0714,-9615.3563,-14.8560,-14.2536,1.7500,73.743,95.58,94.39
17630,10096,37549.8398,10633.7242,36297.0714,-9629.2127,-14.8600,-14.4793,1.7500,73.841,97.89,96.69
17652,10108,37596.4442,10646.9221,36342.0714,-9641.3371,-14.8603,-14.4793,1.8333,73.938,97.18,95.95
17673,10120,37639.8340,10659.2096,36386.3214,-9643.7496,-14.8465,-14.4793,1.7500,74.034,96.64,95.47
17694,10132,37686.3091,10672.3709,36429.0714,-9663.8538,-14.8594,-14.7047,1.7500,74.133,98.18,96.98
17715,10144,37729.6990,10684.6585,36473.3214,-9666.2663,-14.8457,-14.4793,1.7500,74.230,97.33,96.17
17736,10156,37775.6552,10697.6728,36515.9286,-9684.8858,-14.8565,-14.3909,1.7500,74.327,97.56,96.40
17757,10168,37819.5641,10710.1073,36560.3214,-9688.7829,-14.8449,-13.9221,1.7500,74.426,98.63,97.46
17778,10180,37865.5202,10723.1216,36602.9286,-9707.4025,-14.8557,-15.0032,1.7500,74.525,98.53,97.36
17799,10192,37909.4291,10735.5562,36647.3214,-9711.2996,-14.8441,-13.9221,1.7500,74.624,99.70,98.49
17818,10204,37952.0096,10747.6145,36686.3214,-9730.3521,-14.8569,-15.0941,1.5833,74.725,100.97,99.85
17840,10216,37999.1644,10760.9683,36732.0714,-9741.7960,-14.8559,-14.4793,1.8333,74.826,100.99,99.76
17861,10228,38042.5549,10773.2560,36776.3214,-9744.2085,-14.8423,-14.4793,1.7500,74.926,99.78,98.53
17882,10240,38089.0293,10786.4171,36819.0714,-9764.3127,-14.8550,-14.4793,1.7500,75.027,100.71,99.51
17903,10252,38132.4200,10798.7049,36863.3214,-9766.7252,-14.8415,-14.4793,1.7500,75.126,99.67,98.48
17924,10264,38178.8943,10811.8659,36906.0714,-9786.8294,-14.8542,-14.4847,1.7500,75.228,101.25,100.05
17945,10276,38222.2850,10824.1537,36950.3214,-9789.2419,-14.8407,-13.8656,1.7500,75.327,99.54,98.34
17966,10288,38268.7592,10837.3147,36993.0714,-9809.3460,-14.8534,-14.4793,1.7500,75.428,100.61,99.43
17986,10300,38312.0198,10849.5657,37035.0714,-9819.7383,-14.8523,-14.4793,1.6667,75.529,101.52,100.34
18008,10312,38358.6242,10862.7635,37080.0714,-9831.8627,-14.8526,-14.7047,1.8333,75.631,101.99,100.73
18029,10324,38402.0152,10875.0514,37124.3214,-9834.2752,-14.8392,-13.9221,1.7500,75.731,100.05,98.84
18049,10336,38447.6014,10887.9610,37167.0714,-9850.9153,-14.8468,-14.2536,1.6667,75.830,98.39,97.25
18071,10348,38491.8803,10900.5003,37211.3214,-9856.7919,-14.8384,-14.4793,1.8333,75.929,99.58,98.38
18090,10360,38534.4599,10912.5584,37250.3214,-9875.8444,-14.8509,-14.4739,1.5833,76.030,101.10,99.94
18112,10372,38581.6148,10925.9122,37296.0714,-9887.2883,-14.8500,-15.0368,1.8333,76.133,102.17,100.86
18133,10384,38625.0062,10938.2001,37340.3214,-9889.7008,-14.8366,-13.9523,1.7500,76.233,100.31,99.05
18154,10396,38671.4798,10951.3610,37383.0714,-9909.8050,-14.8492,-15.0368,1.7500,76.339,105.58,104.33
18175,10408,38714.8713,10963.6490,37427.3214,-9912.2175,-14.8358,-13.9523,1.7500,76.438,99.91,98.71
18196,10420,38761.3448,10976.8098,37470.0714,-9932.3216,-14.8484,-15.0368,1.7500,76.540,101.12,99.93
18217,10432,38804.7364,10989.0979,37514.3214,-9934.7341,-14.8351,-13.8656,1.7500,76.638,98.53,97.34
18238,10444,38851.2098,11002.2587,37557.0714,-9954.8383,-14.8476,-14.4793,1.7500,76.737,99.39,98.19
18259,10456,38894.6016,11014.5468,37601.3214,-9957.2508,-14.8343,-14.4793,1.7500,76.834,97.01,95.84
18278,10468,38937.1805,11026.6047,37640.3214,-9976.3034,-14.8467,-14.4739,1.5833,76.932,97.76,96.62
18300,10480,38983.7849,11039.8025,37685.3214,-9988.4277,-14.8470,-15.0941,1.8333,77.030,97.78,96.58
18322,10492,39030.9398,11053.1563,37731.0714,-9999.8716,-14.8460,-14.4793,1.8333,77.127,96.94,95.73
18342,10504,39074.2005,11065.4073,37773.0714,-10010.2639,-14.8450,-15.0368,1.6667,77.225,97.81,96.66
18363,10516,39119.9175,11078.3539,37818.0714,-10018.9242,-14.8404,-14.2536,1.7500,77.321,95.77,94.62
18384,10528,39164.0656,11090.8562,37860.0714,-10032.7806,-14.8442,-14.4793,1.7500,77.418,97.91,96.75
18406,10540,39210.6699,11104.0540,37905.0714,-10044.9049,-14.8445,-14.4793,1.8333,77.515,96.81,95.61
18427,10552,39254.0621,11116.3423,37949.3214,-10047.3174,-14.8314,-14.4793,1.7500,77.612,97.04,95.91
18448,10564,39300.5349,11129.5029,37992.0714,-10067.4216,-14.8437,-14.7047,1.7500,77.710,97.64,96.50
18469,10576,39343.9273,11141.7911,38036.3214,-10069.8341,-14.8306,-14.4793,1.7500,77.807,97.28,96.11
18490,10588,39389.8816,11154.8049,38078.9286,-10088.4536,-14.8410,-14.3909,1.7500,77.904,97.30,96.12
18511,10600,39433.7925,11167.2400,38123.3214,-10092.3508,-14.8299,-13.9221,1.7500,78.001,96.57,95.44
18532,10612,39479.7467,11180.2538,38165.9286,-10110.9703,-14.8402,-15.0032,1.7500,78.097,95.89,94.75
18553,10624,39523.6576,11192.6889,38210.3214,-10114.8674,-14.8292,-13.9221,1.7500,78.195,97.60,96.45
18572,10636,39566.2358,11204.7466,38249.3214,-10133.9200,-14.8414,-15.0941,1.5833,78.292,97.36,96.28
18594,10648,39613.3909,11218.1004,38295.0714,-10145.3639,-14.8404,-14.4793,1.8333,78.389,97.11,95.92
18615,10660,39656.7837,11230.3888,38339.3214,-10147.7764,-14.8274,-14.4793,1.7500,78.485,96.45,95.30
18636,10672,39703.2559,11243.5493,38382.0714,-10167.8805,-14.8397,-14.4793,1.7500,78.583,97.39,96.24
18657,10684,39746.6489,11255.8377,38426.3214,-10170.2930,-14.8267,-14.4793,1.7500,78.681,98.62,97.44
18678,10696,39793.1210,11268.9981,38469.0714,-10190.3972,-14.8390,-14.4847,1.7500,78.781,99.14,97.98
18699,10708,39836.5141,11281.2866,38513.3214,-10192.8097,-14.8260,-13.8656,1.7500,78.879,98.54,97.32
18720,10720,39882.9861,11294.4470,38556.0714,-10212.9139,-14.8382,-14.4793,1.7500,78.979,100.24,99.06
18740,10732,39926.2469,11306.6980,38598.0714,-10223.3062,-14.8372,-14.4793,1.6667,79.081,101.66,100.49
18762,10744,39972.8512,11319.8958,38643.0714,-10235.4305,-14.8375,-14.7047,1.8333,79.182,101.38,100.12
18783,10756,40016.2445,11332.1844,38687.3214,-10237.8430,-14.8246,-13.9221,1.7500,79.283,100.61,99.38
18803,10768,40061.8294,11345.0936,38730.0714,-10254.4831,-14.8320,-14.2536,1.6667,79.383,99.73,98.58
18825,10780,40106.1098,11357.6333,38774.3214,-10260.3597,-14.8239,-14.4793,1.8333,79.483,100.56,99.35
18844,10792,40148.6872,11369.6908,38813.3214,-10279.4122,-14.8359,-14.4739,1.5833,79.587,103.28,102.14
18866,10804,40195.8423,11383.0446,38859.0714,-10290.8562,-14.8350,-15.0368,1.8333,79.690,103.47,102.20
18887,10816,40239.2360,11395.3332,38903.3214,-10293.2687,-14.8222,-13.9523,1.7500,79.790,99.75,98.53
18908,10828,40285.7074,11408.4935,38946.0714,-10313.3728,-14.8343,-15.0368,1.7500,79.894,104.20,102.97
18929,10840,40329.1012,11420.7821,38990.3214,-10315.7853,-14.8215,-13.9523,1.7500,79.994,99.71,98.52
18950,10852,40375.5725,11433.9423,39033.0714,-10335.8895,-14.8336,-15.0368,1.7500,80.095,101.66,100.49
18971,10864,40418.9665,11446.2310,39077.3214,-10338.3020,-14.8208,-13.8656,1.7500,80.196,100.50,99.26
18992,10876,40465.4377,11459.3912,39120.0714,-10358.4061,-14.8328,-14.4793,1.7500,80.297,101.05,99.86
19013,10888,40508.8317,11471.6800,39164.3214,-10360.8186,-14.8201,-14.4793,1.7500,80.398,101.04,99.83
19032,10900,40551.4086,11483.7373,39203.3214,-10379.8712,-14.8320,-14.4739,1.5833,80.500,102.43,101.28
19054,10912,40598.0129,11496.9351,39248.3214,-10391.9956,-14.8323,-15.0941,1.8333,80.602,101.28,99.99
19076,10924,40645.1680,11510.2890,39294.0714,-10403.4395,-14.8314,-14.4793,1.8333,80.703,101.02,99.77
19097,10936,40688.5622,11522.5778,39338.3214,-10405.8520,-14.8188,-14.4793,1.7500,80.805,101.82,100.57
19118,10948,40735.0331,11535.7378,39381.0714,-10425.9561,-14.8307,-14.4793,1.7500,80.906,101.14,99.92
19139,10960,40778.4275,11548.0267,39425.3214,-10428.3686,-14.8181,-13.9221,1.7500,81.006,100.41,99.22
19160,10972,40824.8983,11561.1867,39468.0714,-10448.4728,-14.8300,-14.4793,1.7500,81.109,102.55,101.25
19181,10984,40868.2928,11573.4756,39512.3214,-10450.8853,-14.8174,-14.4793,1.7500,81.211,102.27,101.03
19201,10996,40913.8770,11586.3846,39555.0714,-10467.5253,-14.8246,-14.4793,1.6667,81.312,100.65,99.45
19223,11008,40958.1581,11598.9245,39599.3214,-10473.4019,-14.8167,-14.4793,1.8333,81.412,100.73,99.50
19244,11020,41004.1106,11611.9378,39641.9286,-10492.0215,-14.8266,-14.3909,1.7500,81.513,101.19,100.00
19265,11032,41048.0233,11624.3734,39686.3214,-10495.9186,-14.8161,-13.9221,1.7500,81.615,101.90,100.68
19284,11044,41090.5996,11636.4306,39725.3214,-10514.9712,-14.8278,-15.0941,1.5833,81.717,101.34,100.22
19304,11056,41133.4001,11648.5512,39767.1071,-10524.3737,-14.8256,-14.4128,1.6667,81.818,101.74,100.58
19326,11068,41180.4648,11661.8795,39812.3214,-10537.4878,-14.8271,-15.0941,1.8333,81.920,101.51,100.23
19348,11080,41227.6200,11675.2333,39858.0714,-10548.9317,-14.8262,-14.4793,1.8333,82.021,101.29,100.02
19369,11092,41271.0150,11687.5223,39902.3214,-10551.3442,-14.8138,-14.4793,1.7500,82.121,99.99,98.78
19390,11104,41317.4852,11700.6822,39945.0714,-10571.4484,-14.8256,-14.4793,1.7500,82.223,101.77,100.55
19411,11116,41360.8803,11712.9713,39989.3214,-10573.8609,-14.8131,-14.4793,1.7500,82.323,99.74,98.51
19432,11128,41407.3504,11726.1311,40032.0714,-10593.9650,-14.8249,-14.4847,1.7500,82.423,100.21,99.02
19453,11140,41450.7456,11738.4202,40076.3214,-10596.3775,-14.8124,-13.8656,1.7500,82.521,98.06,96.87
19474,11152,41497.2156,11751.5800,40119.0714,-10616.4817,-14.8242,-14.4793,1.7500,82.619,98.17,97.02
19494,11164,41540.4766,11763.8310,40161.0714,-10626.8740,-14.8232,-15.0368,1.6667,82.718,98.60,97.42
19516,11176,41587.0808,11777.0289,40206.0714,-10638.9984,-14.8235,-14.4793,1.8333,82.815,96.77,95.53
19537,11188,41630.4763,11789.3180,40250.3214,-10641.4109,-14.8111,-14.4793,1.7500,82.911,96.20,95.06
19557,11200,41676.0600,11802.2269,40293.0714,-10658.0509,-14.8182,-14.2536,1.6667,83.006,95.45,94.31
19579,11212,41720.3416,11814.7670,40337.3214,-10663.9275,-14.8105,-14.4793,1.8333,83.105,98.47,97.28
19598,11224,41762.9170,11826.8239,40376.3214,-10682.9801,-14.8221,-14.7003,1.5833,83.203,98.77,97.69
19620,11236,41810.0723,11840.1777,40422.0714,-10694.4240,-14.8212,-15.0368,1.8333,83.302,98.14,96.91
19641,11248,41853.4681,11852.4670,40466.3214,-10696.8365,-14.8089,-13.9523,1.7500,83.398,96.03,94.88
19662,11260,41899.9375,11865.6267,40509.0714,-10716.9407,-14.8205,-15.0368,1.7500,83.498,100.69,99.54
19683,11272,41943.3335,11877.9159,40553.3214,-10719.3532,-14.8083,-13.8656,1.7500,83.594,95.78,94.64
19704,11284,41989.8028,11891.0756,40596.0714,-10739.4573,-14.8199,-14.5453,1.7500,83.692,97.75,96.61
19725,11296,42033.1988,11903.3649,40640.3214,-10741.8698,-14.8076,-13.8656,1.7500,83.788,96.37,95.18
19746,11308,42079.6680,11916.5245,40683.0714,-10761.9740,-14.8192,-14.4793,1.7500,83.887,98.39,97.22
19767,11320,42123.0642,11928.8138,40727.3214,-10764.3865,-14.8070,-14.4793,1.7500,83.983,96.28,95.14
19786,11332,42165.6391,11940.8706,40766.3214,-10783.4390,-14.8185,-14.4739,1.5833,84.081,97.67,96.60
19808,11344,42212.2433,11954.0684,40811.3214,-10795.5634,-14.8188,-15.0941,1.8333,84.180,99.29,98.05
19830,11356,42259.3986,11967.4223,40857.0714,-10807.0073,-14.8179,-14.4793,1.8333,84.277,97.07,95.88
19851,11368,42302.7949,11979.7117,40901.3214,-10809.4198,-14.8057,-14.4793,1.7500,84.374,96.67,95.52
19872,11380,42349.2638,11992.8712,40944.0714,-10829.5240,-14.8172,-14.4793,1.7500,84.470,96.91,95.77
19893,11392,42392.6603,12005.1606,40988.3214,-10831.9365,-14.8051,-13.9221,1.7500,84.567,96.61,95.47
19914,11404,42439.1291,12018.3201,41031.0714,-10852.0406,-14.8166,-14.4793,1.7500,84.666,98.71,97.55
19935,11416,42482.5257,12030.6096,41075.3214,-10854.4531,-14.8045,-14.4793,1.7500,84.764,97.92,96.73
19955,11428,42528.1087,12043.5182,41118.0714,-10871.0932,-14.8114,-14.4793,1.6667,84.860,96.35,95.23
19977,11440,42572.3911,12056.0585,41162.3214,-10876.9698,-14.8039,-14.4793,1.8333,84.958,97.88,96.72
19998,11452,42618.3420,12069.0713,41204.9286,-10895.5893,-14.8134,-14.3909,1.7500,85.054,95.99,94.85
20019,11464,42662.2565,12081.5074,41249.3214,-10899.4864,-14.8032,-13.9221,1.7500,85.151,96.76,95.60
20038,11476,42704.8308,12093.5641,41288.3214,-10918.5390,-14.8146,-15.0941,1.5833,85.249,98.56,97.44
20058,11488,42747.6317,12105.6848,41330.1071,-10927.9416,-14.8125,-14.4128,1.6667,85.347,97.84,96.72
20080,11500,42794.6961,12119.0130,41375.3214,-10941.0557,-14.8140,-15.0941,1.8333,85.445,97.54,96.26
20102,11512,42841.8514,12132.3669,41421.0714,-10952.4996,-14.8131,-14.4793,1.8333,85.542,97.67,96.48
20123,11524,42885.2485,12144.6565,41465.3214,-10954.9121,-14.8011,-14.4793,1.7500,85.638,96.09,94.95
20144,11536,42931.7167,12157.8158,41508.0714,-10975.0162,-14.8125,-14.4793,1.7500,85.736,97.24,96.06
20165,11548,42975.1139,12170.1054,41552.3214,-10977.4287,-14.8005,-14.4793,1.7500,85.832,96.63,95.48
20186,11560,43021.5820,12183.2647,41595.0714,-10997.5329,-14.8118,-14.4847,1.7500,85.929,97.12,95.98
20207,11572,43064.9793,12195.5544,41639.3214,-10999.9454,-14.7999,-13.8656,1.7500,86.026,96.11,94.97
20228,11584,43111.4474,12208.7136,41682.0714,-11020.0495,-14.8112,-14.4793,1.7500,86.124,98.68,97.50
20248,11596,43154.7085,12220.9647,41724.0714,-11030.4419,-14.8103,-15.0368,1.6667,86.223,98.81,97.68
20270,11608,43201.3127,12234.1626,41769.0714,-11042.5662,-14.8106,-14.4793,1.8333,86.321,98.04,96.83
20291,11620,43244.7102,12246.4523,41813.3214,-11044.9787,-14.7987,-14.4793,1.7500,86.418,97.20,96.05
20311,11632,43290.2927,12259.3608,41856.0714,-11061.6188,-14.8055,-14.2536,1.6667,86.514,95.49,94.38
20333,11644,43334.5756,12271.9012,41900.3214,-11067.4954,-14.7981,-14.4793,1.8333,86.610,96.65,95.49
20352,11656,43377.1492,12283.9576,41939.3214,-11086.5479,-14.8093,-14.7003,1.5833,86.709,98.21,97.07
20374,11668,43424.3045,12297.3115,41985.0714,-11097.9918,-14.8084,-15.0368,1.8333,86.807,97.99,96.80
20395,11680,43467.7023,12309.6013,42029.3214,-11100.4043,-14.7966,-13.9523,1.7500,86.902,95.91,94.75
20416,11692,43514.1699,12322.7605,42072.0714,-11120.5085,-14.8078,-15.0368,1.7500,87.003,100.16,99.04
20437,11704,43557.5678,12335.0503,42116.3214,-11122.9210,-14.7960,-13.8656,1.7500,87.099,95.87,94.73
20458,11716,43604.0352,12348.2094,42159.0714,-11143.0252,-14.8072,-14.5453,1.7500,87.197,98.66,97.52
20479,11728,43647.4332,12360.4993,42203.3214,-11145.4377,-14.7954,-13.8656,1.7500,87.294,97.19,96.02
20500,11740,43693.9006,12373.6583,42246.0714,-11165.5418,-14.8066,-14.4793,1.7500,87.392,97.40,96.26
20521,11752,43737.2987,12385.9482,42290.3214,-11167.9543,-14.7948,-14.4793,1.7500,87.488,95.89,94.75
20540,11764,43779.8718,12398.0045,42329.3214,-11187.0069,-14.8059,-14.4739,1.5833,87.586,98.68,97.60
20562,11776,43826.4759,12411.2023,42374.3214,-11199.1312,-14.8062,-15.0941,1.8333,87.684,97.97,96.72
20584,11788,43873.6313,12424.5562,42420.0714,-11210.5751,-14.8054,-14.4793,1.8333,87.782,98.03,96.84
20605,11800,43917.0296,12436.8462,42464.3214,-11212.9876,-14.7937,-14.4793,1.7500,87.879,96.32,95.18
20626,11812,43963.4967,12450.0052,42507.0714,-11233.0918,-14.8048,-14.4793,1.7500,87.976,97.07,95.93
20647,11824,44006.8951,12462.2951,42551.3214,-11235.5043,-14.7931,-13.9221,1.7500,88.073,97.21,96.06
20668,11836,44053.3621,12475.4541,42594.0714,-11255.6085,-14.8042,-14.4793,1.7500,88.172,98.87,97.72
20689,11848,44096.7606,12487.7441,42638.3214,-11258.0210,-14.7925,-14.4793,1.7500,88.269,97.05,95.90
20709,11860,44142.3425,12500.6524,42681.0714,-11274.6610,-14.7992,-14.4793,1.6667,88.365,96.22,95.10
20731,11872,44186.6261,12513.1931,42725.3214,-11280.5376,-14.7919,-14.4793,1.8333,88.462,96.61,95.45
20752,11884,44232.5755,12526.2055,42767.9286,-11299.1572,-14.8012,-14.3909,1.7500,88.557,95.75,94.60
20773,11896,44276.4915,12538.6420,42812.3214,-11303.0543,-14.7914,-13.9221,1.7500,88.654,96.31,95.14
20792,11908,44319.0641,12550.6981,42851.3214,-11322.1068,-14.8023,-15.0941,1.5833,88.751,97.16,96.08
20812,11920,44361.8653,12562.8190,42893.1071,-11331.5094,-14.8003,-14.4128,1.6667,88.848,97.58,96.46
20834,11932,44408.9295,12576.1471,42938.3214,-11344.6235,-14.8017,-15.0941,1.8333,88.946,97.27,96.06
20856,11944,44456.0849,12589.5010,42984.0714,-11356.0674,-14.8009,-14.4793,1.8333,89.043,97.11,95.93
20877,11956,44499.4839,12601.7912,43028.3214,-11358.4799,-14.7894,-14.4793,1.7500,89.139,96.44,95.23
20898,11968,44545.9504,12614.9500,43071.0714,-11378.5841,-14.8003,-14.4793,1.7500,89.237,97.86,96.69
20919,11980,44589.3494,12627.2401,43115.3214,-11380.9966,-14.7888,-14.4793,1.7500,89.334,97.20,96.02
20940,11992,44635.8158,12640.3989,43158.0714,-11401.1007,-14.7998,-14.4847,1.7500,89.433,98.37,97.20
20961,12004,44679.2149,12652.6891,43202.3214,-11403.5132,-14.7882,-13.8656,1.7500,89.529,96.34,95.18
20982,12016,44725.6812,12665.8479,43245.0714,-11423.6174,-14.7992,-14.4793,1.7500,89.626,97.28,96.04
21002,12028,44768.9425,12678.0990,43287.0714,-11434.0097,-14.7983,-15.0368,1.6667,89.724,97.77,96.63
23098,13228,49255.0178,13948.5089,47630.9286,-12554.8940,-14.7683,-14.3909,1.7500,99.499,103.30,102.02
25191,14428,53737.9128,15218.0182,51972.0714,-13673.5514,-14.7417,-14.2536,1.6667,112.495,126.24,125.02
27286,15628,58222.0627,16487.8828,56313.0714,-14797.6524,-14.7245,-14.4793,1.7500,123.907,97.48,96.30
29381,16828,62705.4886,17757.5424,60656.3214,-15910.3094,-14.6991,-14.4793,1.8333,133.638,97.29,96.08
31475,18028,67188.7710,19027.1614,64997.3214,-17030.9463,-14.6841,-13.8656,1.7500,143.434,96.94,95.75
33568,19228,71671.3492,20296.5809,69335.3214,-18160.2434,-14.6784,-15.0941,1.5833,153.368,101.38,100.20
35664,20428,76158.5311,21567.3041,73680.0714,-19281.9319,-14.6664,-14.4793,1.7500,163.498,103.39,102.06
37758,21628,80641.8218,22836.9255,78021.0714,-20402.5688,-14.6558,-15.0368,1.8333,173.591,101.90,100.51
39853,22828,85125.2747,24106.5927,82364.3214,-21515.2258,-14.6407,-14.4793,1.7500,183.692,101.32,100.02
41944,24028,89604.5164,25375.0674,86699.3214,-22642.7909,-14.6377,-15.0339,1.6667,193.805,100.84,99.63
44042,25228,94094.5346,26646.5939,91046.9286,-23764.7268,-14.6297,-14.7047,1.7500,203.907,101.78,100.54
46136,26428,98578.3465,27916.3628,95388.0714,-24886.8483,-14.6234,-14.4793,1.8333,213.871,100.89,99.63
48231,27628,103061.8102,29186.0331,99731.3214,-25999.5054,-14.6124,-14.4793,1.7500,223.674,98.42,97.24
50324,28828,107544.9477,30455.6110,104070.0714,-27128.1221,-14.6111,-15.0368,1.7500,233.376,97.89,96.66
52377,30004,111938.5489,31699.8332,108326.3214,-28218.2625,-14.6014,-13.9523,1.7500,242.913,95.97,94.81
